NAME	LEN	FS_IPKNOT	FS_MXFOLD2	FS_RNAFOLD	FS_SPOTRNA	SEQ	DBN
1f1t-1-A	38	0.88	0.963	0.963	0.923	GGAUCCCGACUGGCGAGAGCCAGGUAACGAAUGGAUCC	((((((((.((((((..))))))....))...))))))
1kxk-1-A	70	0.731	0.741	0.731	0.842	GUCUACCUAUCGGGCUAAGGAGCCGUAUGCGAUGAAAGUCGCACGUACGGUUCUAUGCCCGGGGGAAAAC	...(((((..((((((()((((((((((((((((..))))))..))))))))))).))))))))))....
1s03-1-A	47	0.686	0.842	0.865	0.703	GGACGAUGGCGAAACUGCAUGAGGCAAUUCAUGCAAGUCCCUCGUCC	((((((.((.((()((((((((......)))))).))))))))))))
1u9s-1-A	155	0.51	0.629	0.71	0.68	GGUGCCAGGUAACGCCUGGGCGGGGUAACCCGACGGAAAGUGCCACAGAGAAGAGACCGCCAGCGGCCGGGGCCCCGGUGCGGGCAAGGGUGAAACGGCGGGGUAAGAGCCCACCGCCUGGCCUGGCAACAGGCCGGGGCACGGCAAACCCCACC	(((((((((.....)))))((((((..))))).)(([..(.((([.[[(]]....()((((..((((((((())))))).))))))...)(.].).([(((((....)])))).)(((((((((((..)))))))))).)..)))..])))))))
1xjr-1-A	47	0.5	0.688	0.706	0.727	GGAGUUCACCGAGGCCACGCGGAGUACGAUCGAGGGUACAGUGAAUU	..(((((((([.((((((()((...))(..))])))).)))))))))
1zho-1-B	38	0.839	0.897	0.897	0.968	GGGAGUGAAGGAGGCUUCGGCCGCGAAACUUCACUCCC	((((((((((((((((..)))))....)))))))))))
2deu-1-C	75	0.531	0.565	0.565	0.583	GUCCCCUUCGUCUAGAGGCCCAGGACACCGCCCUUUCACGGCGGUAACAGGGGUUCGAAUCCCCUAGGGGACGCA	...(((([{((.(](.[<.)..)}))(((((((.....)))))))...)(((((]>.)..)))).))).......
2ozb-1-C	33	0.909	0.727	0.909	0.909	AUCGUAGCCAAUGAGGUUUAUCCGAGGCGCGAU	(((((.(((...((((.....))))))))))))
2zjq-1-Y	122	0.744	0.805	0.698	0.813	CACCCCCGUGCCCAUAGCACUGUGGAACCACCCCACCCCAUGCCGAACUGGGUCGUGAAACACAGCAGCGCCAAUGAUACUCGGACCGCAGGGUCCCGGAAAAGUCGGUCAGCGCGGGGGUU	.(((((((((((.(..((((((((([..(({((((...[((...])).))))..]))}.))))))).)))((((((((((((((((((..))))))))))))))))))..))))))))))).
2zzm-1-B	84	0.175	0.63	0.596	0.691	GCAGGGGUCGCCAAGCCUGGCCAAAGGCGCUGGGCCUAGGACCCAGUCCCGUAGGGGUUCCAGGGUUCAAAUCCCUGCCCCUGC	.((.((([.((((](...[{.){[))))(((((((.....)))))))((((..))))}].(.((((]}.)..))).)))).).)
3a3a-1-A	86	0.812	0.875	0.892	0.882	GCCCGGAUGAUCCUCAGUGGUCUGGGGUGCAGGCUUCAAACCUGUAGCUGUCUAGCGACAGAGUGGUUCAAUUCCACCUUUCGGGC	((((((((((.(((((([[()))))))(((((((..)...)))))).(((((....))))))(((((]..)].)))))))))))))
3akz-1-F	74	0.6	0.816	0.346	0.885	UGGGAGGUCGUCUAACGGUAGGACGGCGGACUCUGGAUCCGCUGGUGGAGGUUCGAGUCCUCCCCUCCCAGCCA	((((((([{((.(][(<)..)}))((((((.......))))))..]((((((>..)..))))))))))))....
3cul-1-C	92	0.814	0.712	0.871	0.724	GGAUGGCGAAAGCCAUUUCCGCAGGCCCCAUUGCACUCCGGGGUAUUGGCGUUAGGUGGUGGUACGAGGUUCGAAUCCUCGUACCGCAGCCA	((((((((..))))))).)((((((((((.(.)......)))))..)))))...(((((.((((((((((.....)))))))))).))))).
3dig-1-X	174	0.782	0.737	0.75	0.761	GGCCGACGGAGGCGCGCCCGAGAUGAGUAGGCUGUCCCAUCAGGGGAGGAAUCGGGGACGGCUGAAAGGCGAGGGCGCCGAAGGGUGCAGAGUUCCUCCCGCUCUGCAUGCCUGGGGGUAUGGGGAAUACCCAUACCACUGUCACGGAGGUCUCUCCGUGGAGAGCCGUCGGUC	((((((((((((.(((((((((([((()((((((((((({)(.[[[[[[)(}.))))))))))).)).)))))))))))()((((((((((((.]]]]]]))))))))).)))((((((((((((]..))))))))))))(((((((((....)))))))))).))))))))))
3egz-1-B	65	0.78	0.81	0.762	0.78	GAGGGAGAGGUGAAGAAUACGACCACCUAGGUACCAUUGCACUCCGGUACCUAAAACAUACCCUC	((((((([(((((.(..){][.)))))((((((((.(.)......))))))))..}].)))))))
3eph-1-E	69	0.588	0.84	0.627	0.846	CUCGUAUGGCGCAGUGGUAGCGCAGCAGAUUGCAAAUCUGUUGGUCCUUAGUUCGAUCCUGAGUGCGAG	(((((([<((.(]{[[A..)>))(((((((.....)))))))...}((((((]a.)].)))))))))))
3hhn-1-C	137	0.698	0.698	0.698	0.682	UCCAGUAGGAACACUAUACUACUGGAUAAUCAAAGACAAAUCUGCCCGAAGGGCUUGAGAACAUACCCAUUGCACUCCGGGUAUGCAGAGGUGGCAGCCUCCGGUGGGUUAAAACCCAACGUUCUCAACAAUAGUGA	[[[[[[[[[{.((((((]]]]]]]]].........[.(<..((((((...).}.{{{{{{{(((((((.(.)......)))))))..].>[.)))))].).(((((((......)))))))}}}}}}}..)))))).
3npq-1-A	52	0.4	0.387	0.364	0.296	GGACGAGGAGCGCUGCAAGCGAGAGCCCAGGCUCGUCCGAAACGGCGCUCAA	...[[[[(((((([((.((((..)))))]{)]]]].......}.))))))..
3vrs-1-A	52	0.882	0.333	0.333	0.8	GGGCGAUGAGGCCCGCCCAAACUGCCCUGAAAAGGGCUGAUGGCCUCUACUG	.[[[[{.((((((]]]]......((((((..))))))}.[.))))))]....
3zjv-1-B	85	0.746	0.772	0.814	0.839	GCCCGGAUGGUGGAAUCGGUAGACACAAGGGAUUAAAUCCCUCGGCGUUCGCGCUGUGCGGGUUCAAGUCCCGCUCCGGGUACCA	((((((((([[)[)(..{<..]..]](((((((...)))))))(((((..))))).)((((((}>.)..))))))))))))....
4ato-1-G	34	0.571	0.316	0.421	0.571	AAAUUGGUGUAACCUUACCGUAGUAGGUGCUAAA	.....[[[...(((((]]]...).))))......
4c4w-1-D	35	0	0.727	0	0.632	GAGCAAGAGCCAUUGCACUCCGGUUUGAUGACCUC	(((((((((((.(.)......))))))...)))))
4frn-1-A	102	0.633	0.444	0.406	0.633	GGGCUAAAAGCAUGGUGGGAAAGUGACGUGUAAUUCGUCCACAUUACUUGAUACGGUUAUACUCCGAAUGCCACCUAGCCCAAAGUAGAGCAAGGAGACUCA	((((((..({<.)(((((...((.((((({..)..)))))<.(([[[[[[))[[[[(.}.))>]]]].}>)))))))))))......(((]]]]]..]))).
4jf2-1-A	78	0.793	0.769	0.769	0.893	GGAACCGCGAAAGCGGUUCCACGACGAUACUUAUUUCCUUUGAUCGUCGUUAUUACUGGCUUCGGCCACAAAGGAGAG	(((((((((..)))))))))((((((((([{<..[[[[...)))))))))....(.(((((..)))))).}>]]]].]
4kqy-1-A	120	0.725	0.658	0.699	0.75	GUUCUUAUCAAGAGAAGCAGAGGGACUGGCCCGACGAAGCUUCAGCAACCGGUGUAAUGGCGAAAGCCAUGACCAAGGUGCUAAAUCCAGCAAGCUCGAACAGCUUGGAAGAUAAGAACA	(((((((((.[.(((((((((((([[[[[)))...))))))))[)(.()(((((..((((((..)))))))))))....).]....]]]](((((.(..)..)))))..])))))))))]
4oog-1-D	34	1	1	1	1	CAUGUCAUGUCAUGAGUCCAUGGCAUGGCAUGGC	((((((((((((((....))))))))))))))..
4p95-1-A	189	0.496	0.465	0.331	0.491	CAUCCGGUAUCCCAAGACAAUCUCGGGUUGGGUUGGGAAGUAUCAUGGCUAAUCACCAUGAUGCAAUCGGGUUGAACACUUAAUUGGGUUAAAACGGUGGGGGACGAUCCCGUAACAUCCGUCCUAACGGCGACAGACUGCACGGCCCUGCCUCAGGUGUGUCCAAUGAACAGUCGUUCCGAAAGGAAG	[[[[[[[(..((((((((((((...))))))))))))..((((((((((..{{{))))))))))..]]]]((((((((([.(<]((((((][(((([(.(((...}}})))...].)..))).....]]).....{{{{{]()))))))[.)(.).>]))))))))).).}}}}}.(((((..))))).
4pkd-1-V	55	0.865	0.375	0.865	0.375	GGAUCCAUUGCACUCCGGAUCCAGGAGAUACCAUGAUCACGAAGGUGGUUUUCCU	((((((.(.)......))))))(((((((.((((.(()....).)))))))))))
4qln-1-A	119	0.35	0.368	0.658	0.8	GAUCGCUGAACCCGAAGGGGCGGGGGACCCAGGGGGCGAAUCUCUUCCGAAAGGAAGAGUAGGGUUACUCCUUCGACCCGAGCCCGUCAGCUAACCUCGCAAGCGUCCGAAGGAGAAAA	...[(((((.(((...))){.((((((.((..(((((([.(((((((((..)))))))))(]((((][[[[[[[)))).)))))))...))).))))))}))))()..]]]]]]]....
4r8i-1-B	40	0.087	0.583	0	0.364	GCACGUCCCUCACCGGUGCAAGUGAAGCCGUGGCUCUGCG	((([{..((...(((([(..]].})..)))))))...)).
4rum-1-A	92	0.848	0.848	0.836	0.866	GGGAACUGAGCAGGCAAUGACCAGAGCGGUCAUGCAGCCGGGCUGCGAAAGCGGCAACAGAUGAUACACGCACAUCUGUGGGACAGUUCCCA	(((((((((.(((((.(((((((..).)))))))...))).((((((..))))))((((((((((....).))))))))).)))))))))).
4tvx-1-L	61	0.632	0.632	0.545	0.636	AUAAACCGACGGUAUUGUUCAGAUCCUGGCUUGCCAACAGGAGUUCCCCGCGCCAGCGGGG	.......()....................................(((((((..)))))))
4v84-1-AV	34	0.968	0.667	0.786	0.903	GGUUAUUCAGAUUAGGUAGUCGAAUGACCUACCU	((((((((.(((.[[[[[)))))))))))]]]]]
4v8d-1-AD	85	0.678	0.741	0.807	0.842	GGUGGGGUUCCCGAGCGGCCAAAGGGAGCAGACUGUAAAUCUGCCGUCAUCGACUUCGAAGGUUCGAAUCCUUCCCCCACCACCA	((((((([.((((][.{<..[{))))(((((((.....)))))))(((...)))]}]((((((}>.)..))))))))))))....
4v8n-1-AW	78	0.222	0.468	0.222	0.471	GGGCCCUUAGCUUAGUCUGGUUAAAGCGAUCGGCUCAUAACCGAUUGGGCGCUGGUUCGAAUCCGGCAGGGCCCACCA	((((((.(..[.[)(...{....(]]..((((([(.)())]))))..).)((((((}..)..))))).).)))).)..
4v9k-1-AW	77	0.49	0.776	0.36	0.909	GGCUACGUAGCUCAGUUGGUUAGAGCACAUCACUCAUAAUGAUGGGGUCACAGGUUCGAAUCCCGUCGUAGCCACCA	((((((([{((.(][..<AB..)}))(((((((.....)))))))...]((((((>a.)b.))))))))))))....
4wj4-1-B	76	0.545	0.816	0.444	0.889	UCCGCGAUAGCUCAGUCGGUAGAGCAAAUGACUGUUAAUCAUUGGGUCCCUGGUUCGAGUCCAGGUCGCGGAGCCA	((((((([{((.(][..<().)}))(((((((.....)))))))...]((((((>..)..))))))))))))....
4x4v-1-B	35	0.88	0.88	0.88	0.833	GGCGCUGCGGGGUUCGAGUCCCCGCAGGCCACCGG	(((.((((((((([{.)..)))))))))))...]}
4xw7-1-A	64	0.6	0.667	0.667	0.864	GGGUCGUGACUGGCGAACAGGUGGGAAACCACCGGGGAGCGACCCUUGCCGCCCGCCUGGGCAA	((((((((((([......((((((...])))))))))))))))))((((((.......))))))
4yaz-1-R	85	0.481	0.632	0.491	0.604	GGUACACGACAAUACUAAACCAUCCGCGAGGAUGGGGCGGAAAGCCUAAGGGUCUCCCUGAGACAGCCGGGCUGCCGAAAUAUCA	((((.((().(.([((((((((((((.[)))))))))))))(.(((((.{)(((](...).)))...})))))..))..)))))]
4ybb-1-DB	120	0.56	0.69	0.222	0.882	UGCCUGGCGGCCGUAGCGCGGUGGUCCCACCUGACCCCAUGCCGAACUCAGAAGUGAAACGCCGUAGCGCCGAUGGUAGUGUGGGGUCUCCCCAUGCGAGAGUAGGGAACUGCCAGGCAU	(((((((((((.(..)((((((((..)(((((((...[((...])).)))))..))...)))))).).((((((((((((((((((...)))))))))))))))))).))))))))))).
5ah5-1-D	81	0.481	0.769	0.436	0.717	GCCCGCAUGGUGAAAUCGGUAAACACAUCGCACUAAUGCGCCGCCUCUGGCUUGCCGGUUCAAGUCCGGCUGCGGGCACCA	((((((((([[)[)(..{<..]..]](((((((..)))))))(((...))).)((((((}>.)..))))))))))))....
5b63-1-D	64	0.75	0.811	0.811	0.821	GCGCUCGUAGCUCAAUUGGAUAGAGCAUUCAGAAGGUUAGGGGUUCGAAUCCUCUCGAGCGCGC	((((((([{((.(][...<...)})).(....)....]((((((.>.)..))))))))))))..
5d6g-1-0	74	0.583	0.565	0.638	0.591	GCCUAAGACAGCGGGGAGGUUGGCUUAGAAGCAGCCAUCCUUUAAAGAGUGCGUAACAGCUCACCCGUCGAGGC	(((...((.((((((.((([.((((.....{<))))..)))[..)](]()}>(....)...)..))))))))))
5ddp-1-A	61	0.595	0.769	0.769	0.81	CGUUGACCCAGGAAACUGGGCGGAAGUAAGGUCCAUUGCACUCCGGGCCUGAAGCAACGCG	([((((((((((..)))))))][.(()(((((((.(.)......))))))).).))).)].
5lyu-1-A	58	0.651	0.8	0.8	0.698	GGGGAUCUGUCACCCCAUUGAUCGCCUUCGGGCUGAUCUGGCUGGCUAGGCGGGUCCC	.((((((([(([(((.([.(][[((((..)))))]]..)])..))..])).)))))))
5m0h-1-A	42	0.839	0.909	0.909	0.882	GAUAACUGAAUCGCUAAGGAUGAAAGUCUAUGCGACAUUAUC	(((((.((..(((((()(((((..)))))).)))))))))))
5m73-1-A	145	0.61	0.762	0.5	0.395	GGGUGUCCGCACUAAGUUCGGCAUCAAUAUGGUGACCUCCCGGGAGCGGGGGACCACCAGGUUGCCUAAGGAGGGGUGAACCGGCCCAGGUCGGAAACGGAGCAGGUCAAAACUCCCGUGCUGAUCAGUAGUGGGAUCGCGCCUA	((((((((.(((((((((((((([((((.(((((..((((((.[{[))))))..))))))[))).[..)](]((((.(()(.)((((.((((]..]}.))))).)))...).)))))].))))))).))))))))...)))))).
5ml7-1-A	95	0.667	0.646	0.646	0.677	GGGUCGCCGAUGUGCAGCAUAGGUAGGAGACACUACACAGGUACCCGCGCUAGCGGGCCACCGAGUCAACAGUGAAAUACUACCCGUCGGUGACC	.(((((((((((<..([.{[)((((((.(((...()[(.{(](((((....>])))))}.).).))).........]})))))))))))))))))
5nwq-1-A	41	0.19	0.174	0.16	0.19	CCGGACGAGGUGCGCCGUACCCGGUCAGGACAAGACGGCGC	(((((({<((([[))).))[))))....].....}>...]]
5o7h-1-A	42	0.833	0.833	0.833	0.833	CUUAGAAAGCAAACCUAUAACCGUUCACCGCCGCACAGGCGG	().........................((((((...))))))
5ob3-1-A	69	0.739	0.76	0.704	0.792	GGGAGUACGGUGAGGGUCGGGUCCAGUAGGUACGCCUACUGUUGAGUAGAGUGUGGGCUCCGUACUCCC	((((((((((((((([.{)].((((((((((..))))))))..))(}.[.).]..))))))))))))))
5t83-1-A	89	0.36	0.5	0	0.377	AAGUUUGCUAGGGUUCCGCGUCAAGGUGGUCUGGUCCAAGAGCAAACGGCUUUCACAAAGCCACACGGAAGGAUAAAAGCCUGGGAGAU	[((((((((((([(])[(((((()))))].)....)))){.))))))](((((..).)))).)[}(((((((((..)).))))])))..
5wlh-1-B	42	0.8	0.615	0.8	0.727	GAAGAUAGCCCAAGAAAGAGGGCAAUAACCAGAUAUAGCCUG	......(((((........))))..).......(....)...
5wtk-1-B	40	0.889	0.889	0.889	0.889	CACCCCAAUAUCGAAGGGGACUAAAACGACAAUCAAACUC	.(((((.........))))..)..................
5ztm-1-C	49	0.927	0.878	0.905	0.933	GCUUUAGAGAUCGUUUCGAAUGAUAAUCGUUCGAAACGUUCUCCGAAGC	(((((((((((((((((((((.......)))))))))))))))))))))
6aay-1-B	52	0.8	0.88	0.88	0.786	AAAAAGGAAAUGAAAGUUGGAACUGCUCUCAUUUUGGAGGGUAAUCACAACA	...............(((((.(.(((((((......))))))))..))))).
6ck4-1-B	109	0.709	0.747	0.738	0.75	GUGAAAGUGUACCUAGGGUUCCAGCCUAUUUGUAGGUGUUCGGACCGAGCGGUACAGGUAUAUUAUAUACCACACCUUAGGGACAAAAGCCCGAGAGGAUGGUUUCACG	(((((((((((((((((([)]([((((((..))))))).]....))))[.))))))(((((((.))))))))(]((((((((((..)).)))).))))..).)))))).
6dcb-1-B	36	0.8	0.636	0.909	0.909	GGAUGUGAGGCUUCGGCCUCACCGCUCCAUGUGCGA	((((((((((((..)))))))).).)))........
6dlq-1-A	107	0.641	0.447	0.613	0.696	GGAAAGUGUGUCUAGGGUUCCGCGUGCUUCGGCACGGACUGGUCCAAGUGACACAGACGCAUUCGUGCGUUACACCGGAGGGAUAGAAGCCCAGGCGGGUAGGUUUC	.(((((((((((((((([)]([((((((..))))))).]....))))[.))))))(((((((..))))))))(][[[[((((((..)).)))))]]]](.)..))))
6dmc-1-A	103	0.767	0.684	0.753	0.676	GGAAGUGUACCUAGGGAUCCACCUCGAGAGAGGAAGGACCAAGCGGUACAGGCCUACUUCGGUAGGUUACACCGUGGGGAUAAAAGACCCGUGGCAAGUUUCG	((((((((((((((((.)((((((((..)))))).)).))))[.))))))((((((((..)))))))))(]((((((((((..)).))))))))..).)))).
6fz0-1-A	49	0.32	0	0	0.303	AGGCGCAUUUGAACUGUAUUGUACGCCUUGCAGCAAAAGUACUAAAAAA	(((({.(<AB(...[.)[..).[[))))((...))...]]}.>ab]]..
