NAME	LEN	TIME	RANK	TP	FP	FN	PRC	RCL	FS	SEQ	DBN	PRED
PreQ1_riboswitch, B. subtilis	34	0.121	1	5	0	3	1.0	0.625	0.769	AGAGGUUCUAGCUACACCCUCUAUAAAAAACUAA	(((((...[[[......)))))........]]].	(((((............)))))............
Telomerase pseudoknot, human	47	0.261	1	15	0	0	1.0	1.0	1.0	GGGCUGUUUUUCUCGCUGACUUUCAGCCCAACACAAAAAAAGUCAGC	[[[[[[........(((((((((]]]]]].........)))))))))	[[[[[[........(((((((((]]]]]].........)))))))))
Fluoride riboswitch, P. syringae	66	0.418	1	10	4	6	0.714	0.625	0.667	GCAUUGGAGAUGGCAUUCCUCCAUUAACAAACCGCUGCGCCCGUAGCAGCUGAUGAUGCCUACAGA	....[[[[[..((((((.]]]]]..........(((((.......)))))....))))))......	(((((((((.........)))))..........(((((.......))))).....)))).......
Adenine riboswitch, V. vulnificus	71	0.574	2	21	0	0	1.0	1.0	1.0	CGCUUCAUAUAAUCCUAAUGAUAUGGUUUGGGAGUUUCUACCAAGAGCCUUAAACUCUUGAUUAUGAAGUG	(((((((((...((((((.........))))))........((((((.......))))))..)))))))))	(((((((((...((((((.........))))))........((((((.......))))))..)))))))))
tRNA(asp), yeast	75	0.748	1	17	0	4	1.0	0.81	0.895	GCCGUGAUAGUUUAAUGGUCAGAAUGGGCGCUUGUCGCGUGCCAGAUCGGGGUUCAAUUCCCCGUCGCGGCGCCA	(((((((..((((........)))).(((((.......)))))....(((((.......))))))))))))....	(((((((...................(((((.......)))))....(((((.......))))))))))))....
tRNA(phe), E. coli	76	0.933	1	21	0	0	1.0	1.0	1.0	GCGGAUUUAGCUCAGUUGGGAGAGCGCCAGACUGAAGAUCUGGAGGUCCUGUGUUCGAUCCACAGAAUUCGCACCA	(((((((..((((........)))).(((((.......))))).....(((((.......))))))))))))....	(((((((..((((........)))).(((((.......))))).....(((((.......))))))))))))....
TPP riboswitch, E. coli	79	1.151	4	17	1	5	0.944	0.773	0.85	GACUCGGGGUGCCCUUCUGCGUGAAGGCUGAGAAAUACCCGUAUCACCUGAUCUGGAUAAUGCCAGCGUAGGGAAGUUC	((((((((.((((.(((.....))))))......)..)))).....(((...((((......))))...)))..)))).	....((((..(((.(((.....)))))).........)))).....((((..((((......))))..)))).......
SARS corona virus pseudoknot	82	1.341	5	19	0	7	1.0	0.731	0.844	UUUAAACGGGUUUGCGGUGUAAGUGCAGCCCGUCUUACACCGUGCGGCACAGGCACUAGUACUGAUGUCGUCUACAGGGCUU	............(((((((((((...[[[[[[[)))))))))))((((((((.........))).)))))...]].]]]]].	............(((((((((((..........)))))))))))((((((((.........))).)))))............
cyclic-di-GMP riboswitch, V. cholerae	97	1.582	4	18	9	11	0.667	0.621	0.643	GUCACGCACAGGGCAAACCAUUCGAAAGAGUGGGACGCAAAGCCUCCGGCCUAAACCAGAAGACAUGGUAGGUAGCGGGGUUACCGAUGGCAAAAUG	((((((......((...((((((....))))))...))..)(((.((((((((..(((.......))))))))..))))))(..)).))))......	((((((....((((...((((((....))))))........)))).))(((((..(((.......))))))))..(((.....))).))))......
SAM I riboswitch, T. tengcongensis	118	1.833	1	35	1	4	0.972	0.897	0.933	UUCUUAUCAAGAGAAGCAGAGGGACUGGCCCGACGAAGCUUCAGCAACCGGUGUAAUGGCGAUCAGCCAUGACCAAGGUGCUAAAUCCAGCAAGCUCGAACAGCUUGGAAGAUAAGAA	((((((((....(((((...(((.[[[[)))......)))))(((..(((((...(((((.....))))).)))..)).)))....]]]]((((((.....))))))...))))))))	((((((((....(((((...(((.....)))......)))))((((.(((((...(((((.....))))).)))..))))))........((((((.....))))))...))))))))
5S rRNA, E. coli	120	2.259	5	10	28	25	0.263	0.286	0.274	UGCCUGGCGGCCGUAGCGCGGUGGUCCCACCUGACCCCAUGCCGAACUCAGAAGUGAAACGCCGUAGCGCCGAUGGUAGUGUGGGGUCUCCCCAUGCGAGAGUAGGGAACUGCCAGGCAU	((((((((((.....((((((((.......((((.............))))........)))))).)).((.((..(.((((((((...)))))))).)..)).))...)))))))))).	((((((((((.((...)).((((....)))).((((((((((...(((....)))....(((....)))((...))..))))))))))((((............)))).)))))))))).
Mbox_riboswitch, B. subtilis	154	2.744	5	39	4	9	0.907	0.812	0.857	CUUCGUUAGGUGAGGCUCCUGUAUGGAGAUACGCUGCUGCCCAAAAAUGUCCAAAGACGCCAAUGGGUCAACAGAAAUCAUCGACAUAAGGUGAUUUUUAAUGCAGCUGGAUGCUUGUCCUAUGCCAUACAGUGCUAAAGCUCUACGAUUGAAG	((((((..(((..(((..((((((((......(((((((((((....((((....))))....))))....))(((((((((.......)))))))))....))))).((((....))))....)))))))).)))...)))..))....))))	..((((.......(((..((((((((......(((((.(((((....((((....))))....)))))....((((((((((.......))))))))))...))))).((((....))))....)))))))).)))........))))......
P546 domain, bI3 group I intron	155	3.15	1	55	1	1	0.982	0.982	0.982	UGCUGAAAUAUCUUCAUUUGAAUAAUAAAUUACUAUAUUAUUCAAUUAAUUAUUUAUAAUAAUAUAAUUUGAAAUAAAAAUAAUAUAGUUAAAAUAUUUAUUAUAAGAAGAAAAUUAGCAGUAAUUAAUAUAUAUAUAUAUAUAAAAUUAAUUAU	((((((..(.(((((......(((((((((.(((((((((((.((((((((((.....))))).))))).........)))))))))))......)))))))))..))))))..))))))(((((((((.(((((....)))))..)))))))))	((((((....(((((......(((((((((.(((((((((((.(((((((((((...)))))).))))).........)))))))))))......)))))))))..)))))...))))))(((((((((.(((((....)))))..)))))))))
Lysine_riboswitch, T. martima	174	3.707	1	57	5	6	0.919	0.905	0.912	GGCCGACGGAGGCGCGCCCGAGAUGAGUAGGCUGUCCCAUCAGGGGAGGAAUCGGGGACGGCUGAAAGGCGAGGGCGCCGAAGGGUGCAGAGUUCCUCCCGCUCUGCAUGCCUGGGGGUAUGGGGAAUACCCAUACCACUGUCACGGAGGUCUCUCCGUGGAGAGCCGUCGGUC	.((((((((..(.((((((..(.....(.(((((((((..(..[[[[[[....)))))))))).)....)..)))))))..((((((((((((.]]]]]]))))))))).)))((.((((((((.....)))))))).)).((((((((....))))))))....)))))))).	(((((((((....((((((..........(((((((((..[[[[[[[[[[....))))))))).........))))))...((((((((((((]]]]]]]))))))))).)))...((((((((.....)))))))).]]]((((((((....))))))))....)))))))))
Group I intron, Azoarcus sp	214	7.171	5	44	23	19	0.657	0.698	0.677	CUCAUAUUUCGAUGUGCCUUGCGCCGGGAAACCACGCAAGGGAUGGUGUCAAAUUCGGCGAAACCUAAGCGCCCGCCCGGGCGUAUGGCAACGCCGAGCCAAGCUUCGGCGCCUGCGCCGAUGAAGGUGUAGAGACUAGACGGCACCCACCUAAGGCAAACGCUAUGGUGAAGGCAUAGUCCAGGGAGUGGCGAAAGUCACACAAACCGGAAUC	..(((((....))))).((((((..((....)).))))))....((((((....((((((...((...((((((....))))))..))...))))))(((...(.((((((....)))))).)..)))...[.[[[[[...))))))((((...(((....)))..))))......]]]]]]..((.(((((....))))).....))......	..(((((....)))))(((((((..((....)).)))))))(((((((((...(((((((....(((.((((((....)))))).)))...))))))).......((((((....)))))).....((.(((...))).))))))))..((...)).....((((((.......))))))((..((.(((((....))))).....)))).)))
Signal recognition particle RNA, human	301	18.715	1	0	92	100	0.0	0.0	0.0	GCCGGGCGCGGUGGCGCGUGCCUGUAGUCCCAGCUACUCGGGAGGCUGAGGCUGGAGGAUCGCUUGAGUCCAGGAGUUCUGGGCUGUAGUGCGCUAUGCCGAUCGGGUGUCCGCACUAAGUUCGGCAUCAAUAUGGUGACCUCCCGGGAGCGGGGGACCACCAGGUUGCCUAAGGAGGGGUGAACCGGCCCAGGUCGGAAACGGAGCAGGUCAAAACUCCCGUGCUGAUCAGUAGUGGGAUCGCGCCUGUGAAUAGCCACUGCACUCCAGCCUGUGCAACAUAGCGAGACCCCGUCUCUUU	((((((((((......)))))))....((((........))))))).(((((.((....(((((...((.((((....(((((.(((((((.(((((.(....(((((((((.(((((.(.(((((((((((.(((((..((((((....))))))..))))).))))((...)).(((((.....((((.....((....)).....))))...))))).))))))).)..)))))))...))))))).).)))))))))))).))))))))).)).....)))))...)).)))))...	((((((((((((((((((.(((((..(((((.(((.(((((((((...[[[[[[[[..........((((((((...)))))))).(((((((..[[[[[[[.........)))))))...]]]]]]]...........))))))))))))..)))))...)))))..(((....)))......(((((....)))))....((((..........)))))))))).............))))))))))...........(((((]]]]]]]]))))).....))(((((...)))))...
Hepatitis C virus IRES domain	336	71.449	3	20	69	84	0.225	0.192	0.207	CCAUGAAUCACUCCCCUGUGAGGAACUACUGUCUUCACGCAGAAAGCGUCUAGCCAUGGCGUUAGUAUGAGUGUCGUGCAGCCUCCAGGACCCCCCCUCCCGGGAGAGCCAUAGUGGUCUGCGGAACCGGUGAGUACACCGGAAUUGCCAGGACGACCGGGUCCUUUCUUGGAUUAACCCGCUCAAUGCCUGGAGAUUUGGGCGUGCCCCCGCGAGACUGCUAGCCGAGUAGUGUUGGGUCGCGAAAGGCCUUGUGGUACUGCCUGAUAGGGUGCUUGCGAGUGCCCCGGGAGGUCUCGUAGACCGUGCAUCAUGAGCACGAAUCCUAAACCUCAA	..............((((.((((.....(((((..(((.((.(.(((((((....).))))))..).)).)))..).))))))))))))......(((((((((((.(((((((((((((((((..((((((....))))))((((.(((((..((.((((................)))).))....))))).)))).(((....))))))).)))))))))(((...(.(((......))).)..)))....)))).))((((....))))((.[[[[[[.))))))))))).]]]]]]((.(((((.......)))))..))...........	(((((..((((......))))...............((((.....)))).....)))))........((((...((..[[[.[[[[[[[......(((((((((...((((...))))........((((((....)))))).....(((((((......))))).....))....((((((((((..]]]]]]]..))))))).(((..(((((.((((((.....))))))......)))))...))).....))).]]](((...)))......((....)))))))))))...)).....(((((.......)))))..........)))).
