NAME	LEN	IPknot_Fscore	MXfold2_Fscore	RNAfold_Fscore	RNAsubopt5_Fscore	ShapeKnots_Fscore	ShapeKnots5_Fscore	SPOT-RNA_Fscore	SQUARNA_Fscore	SQUARNAalt_Fscore	SQUARNAsk_Fscore	SQUARNA5_Fscore	SQUARNAalt5_Fscore	SQUARNAsk5_Fscore	SQUARNAN_Fscore	SQUARNAaltN_Fscore	SQUARNAskN_Fscore	SEQ	DBN
6U7Y [8],1.A.C.15.:1.A.G.22.	8	1	1	0	1	0	0	1	1	1	1	1	1	1	1	1	1	CCGAAAGG	((....))
8PTJ [9],1.V.A.3.:1.V.C.11.	9	0	0	0	0	0	0	0	0	0	0	0	0	0	0	0	0	AAAUCUUUC	((...))..
1IDV [10],1.A.G.1.:1.A.C.10.	10	1	1	1	1	1	1	1	1	1	1	1	1	1	1	1	1	GGGCGUGCCC	(((....)))
2MXJ [11],1.A.C.16.:1.A.A.26.	11	0	1	1	1	0	0	1	1	1	1	1	1	1	1	1	1	CCAGAAACGGA	((......)).
3J16 [11],1.J.U.152.:1.J.A.162.	11	0	1	0	0	0	0	1	1	0	1	1	0	1	1	0	1	UGGUAAUUCUA	(((.....)))
1ZIF [12],1.A.G.1.:1.A.U.12.	12	1	1	1	1	1	1	1	1	1	1	1	1	1	1	1	1	GGGCGAAAGCCU	((((....))))
6KE6 [12],1.5A.U.2.:1.5A.U.13.	12	1	1	1	1	1	1	1	1	1	1	1	1	1	1	1	1	UGCGAAAGCAGU	(((....)))..
1ESH [13],1.A.G.1.:1.A.C.13.	13	1	1	1	1	1	1	1	1	1	1	1	1	1	1	1	1	GGUGCAUAGCACC	(((((...)))))
1F85 [14],1.A.G.1.:1.A.C.14.	14	1	1	1	1	1	1	1	1	1	1	1	1	1	1	1	1	GGCCUGAUAGGGUC	(((((....)))))
1XWP [15],1.A.G.1.:1.A.A.15.	15	1	1	1	1	1	1	1	1	1	1	1	1	1	1	1	1	GGAGAUCGCACUCCA	((((......)))).
3DEG [16],1.E.C.153.:1.E.G.168.	16	1	1	1	1	1	1	1	1	1	1	1	1	1	1	1	1	CUACUGGAAACGGUAG	((((((....))))))
7AAV [16],1.6.C.60.:1.6.G.75.	16	1	0.857	1	1	1	1	0	1	1	1	1	1	1	1	1	1	CCCCUGCGCAAGGAUG	..(((.....)))...
2LBL [17],1.A.G.1.:1.A.C.17.	17	1	1	1	1	0	0	1	1	1	1	1	1	1	1	1	1	GGGACCUUCCAAGUCUC	(((((.......)))))
4CXG [17],1.b.C.151.:1.b.G.167.	17	0.571	1	1	1	1	1	1	1	0	1	1	0	1	1	0	1	CUGUGGUAAUUCUAGAG	((.(((.....))).))
6ZJ3 [17],1.LG.G.2055.:1.LG.C.2071.	17	0.8	0	1	1	1	1	0.857	1	1	1	1	1	1	1	1	1	GGUCGGUGGCGACACCC	....((((....)))).
1Z30 [18],1.A.G.1.:1.A.C.18.	18	1	1	1	1	1	1	1	1	1	1	1	1	1	1	1	1	GGCGUUCGUUAGAACGUC	(((((((....)))))))
3J45 [18],1.3.C.1526.:1.3.G.1543.	18	1	0.909	1	1	1	1	1	1	1	1	1	1	1	1	1	1	CGAGGCACUACGGUGCUG	...(((((....))))).
4V4S [18],1.AW.U.8.:1.AW.C.25.	18	1	1	1	1	1	1	1	1	1	1	1	1	1	1	1	1	UAGCUCAGUUGGGAGAGC	..((((........))))
2B7G [19],1.A.G.1.:1.A.C.19.	19	1	1	1	1	1	1	1	1	1	1	1	1	1	1	1	1	GGAGGCUCUGGCAGCUUUC	(((((((.....)))))))
3J0D [19],1.E.G.2588.:1.E.C.2606.	19	1	1	1	1	1	1	1	1	1	1	1	1	1	1	1	1	GAACGUCGUGAGACAGUUC	(((((((....))).))))
5U07 [19],1.K.G.43.:1.K.G.61.	19	1	1	1	1	1	1	1	1	1	1	1	1	1	1	1	1	GAGCCCCACGCACGUGGGG	...((((((....))))))
1MFJ [20],1.A.G.1.:1.A.G.20.	20	1	1	1	1	1	1	1	1	1	1	1	1	1	1	1	1	GACAGUCUCUACGGAGACUG	..(((((((....)))))))
2RPT [20],1.A.G.1.:1.A.C.20.	20	1	1	1	1	1	1	1	1	1	1	1	1	1	1	1	1	GGCCCGCCGAAAGGCCGGCC	((((.(((....))).))))
8FKR [20],1.L3.U.4469.:1.L3.A.4488.	20	1	0.909	1	1	1	1	1	1	1	1	1	1	1	1	1	1	UGUGAAGCAGAAUUCACCAA	.(((((......)))))...
1SZY [21],1.A.G.1.:1.A.C.21.	21	1	1	1	1	1	1	1	1	1	1	1	1	1	1	1	1	GGCAGGGCUCAUAACCCUGCC	(((((((.......)))))))
6ZQD [21],1.D3.A.1493.:1.D3.G.1513.	21	0.857	1	1	1	1	1	1	1	1	1	1	1	1	1	1	1	ACCUUGGCCGAGAGGUCUUGG	.((..((((....))))..))
7WKP [21],1.B.G.1.:1.B.C.21.	21	0.909	0.909	0.909	0.909	0.909	0.909	0.909	0.909	0.909	0.909	0.909	0.909	0.909	0.909	0.909	0.909	GUUAGCAGCCGCAUAGGCUGC	.....(((((.....))))).
1F9L [22],1.A.G.1.:1.A.C.22.	22	1	1	1	1	1	1	1	1	0.727	1	1	0.727	1	1	0.727	1	GGCGAAGUCGAAAGAUGGCGCC	((((..(((....)))..))))
1IKD [22],1.A.G.1.:1.A.A.22.	22	1	1	1	1	1	1	1	1	1	1	1	1	1	1	1	1	GGGGCUCUUCGGAGCUCCACCA	(((((((....)))))))....
1JUR [22],1.A.G.1.:1.A.C.22.	22	1	1	1	1	1	1	1	1	1	1	1	1	1	1	1	1	GGCCUGAGGAGACUCAGAAGCC	((((((((....)))))..)))
1K2G [22],1.A.C.1.:1.A.G.22.	22	0.545	0.909	0.667	0.909	0.667	0.667	0.667	0.909	0.909	0.909	0.909	0.909	0.909	0.909	0.909	0.909	CAGACUUCGGUCGCAGAGAUGG	(.(((....))))((....)).
1S2F [23],1.A.G.907.:1.A.C.929.	23	0.8	1	1	1	1	1	0.941	1	0.8	1	1	0.8	1	1	0.8	1	GGGGAGUGGUUUGUAUCCUUCCC	((((((.(((....)))))))))
2N7X [23],1.A.G.19.:1.A.C.41.	23	0.833	0.833	1	1	1	1	0.833	0.833	0.833	0.833	0.933	0.833	0.933	0.933	0.833	0.933	GGUAGUUUUGGCAUGACUCUACC	(((((..((.....))..)))))
7AJT [23],1.D3.G.1768.:1.D3.A.1790.	23	0.933	0.933	0.933	1	0.933	0.933	0.933	0.933	0.933	0.933	0.933	0.933	0.933	0.933	0.933	0.933	GUUUCCGUAGGUGAACCUGCGGA	....(((((((....))))))).
1E4P [24],1.A.G.1.:1.A.C.24.	24	1	1	1	1	1	1	1	0.462	0.462	0.462	1	1	1	1	1	1	GUGCGAAGACGAAAGUCCGAGCGC	((((...(((....)))...))))
1P6V [24],1.D.U.16.:1.D.A.39.	24	1	0.875	1	1	1	1	1	0.875	0.875	0.875	1	0.875	1	1	0.875	1	UCGACGGGGACUUCGGUCCUCGGA	....(((((((....)))))))..
2LK3 [24],1.A.G.1.:1.A.C.24.	24	1	1	1	1	1	1	1	1	1	1	1	1	1	1	1	1	GGCUUAGAUCAGAAAUGAUCAGCC	((((..(((((....)))))))))
2WW9 [25],1.F.C.1654.:1.F.G.1678.	25	0.667	0.667	0.667	0.667	0.667	0.667	0.667	0.667	0.667	0.667	0.667	0.667	0.889	0.667	0.667	0.889	CCACGUCAACAGCAGUUGGACGUGG	((((((...((.....)).))))))
5WLC [26],1.L1.A.222.:1.L1.A.247.	26	0.933	1	1	1	1	1	1	1	1	1	1	1	1	1	1	1	AUCAAUGUCUUCGGACUCUUUGAUGA	(((((.(((....)))...)))))..
1F6X [27],1.A.G.1.:1.A.C.27.	27	1	1	1	1	1	1	1	1	1	1	1	1	1	1	1	1	GGAAGUCCGGUCUUCGGACCGGCUUCC	(((((.((((((....)))))))))))
1FQZ [27],1.A.G.1.:1.A.C.27.	27	1	1	1	1	0	1	1	1	1	1	1	1	1	1	1	1	GCCGAGUAGUGUUGGGUCGCGAAAGGC	(((.....(((......)))....)))
2LQZ [27],1.A.G.1.:1.A.C.27.	27	0.947	0.947	0.947	0.947	0.947	0.947	0.947	0.947	0.947	0.947	0.947	0.947	0.947	0.947	0.947	0.947	GGACUUCCAUUGCUUCGGCAAAAGUCC	(((((....((((....)))).)))))
5LM7 [27],1.G.C.5.:1.G.C.31.	27	1	1	1	1	1	1	1	0.769	1	0.769	1	1	1	1	1	1	CUUUAACAUUAAGCCCUGAAGAAGGGC	............(((((.....)))))
2LUN [28],1.A.G.1.:1.A.C.28.	28	0.941	1	1	1	0.941	0.941	0.889	0.842	0.842	0.941	0.842	0.842	0.941	0.842	0.842	0.941	GGGCAGUGAUGCUUCGGCAUAUCAGCCC	((((.(..((((....))))..).))))
5MQF [28],1.6.G.1.:1.6.A.28.	28	1	1	1	1	1	1	1	1	1	1	1	1	1	1	1	1	GUGCUCGCUUCGGCAGCACAUAUACUAA	(((((.((....))))))).........
1AQO [29],1.A.G.1.:1.A.C.29.	29	0.957	0.957	0.957	0.957	0.957	0.957	1	0.957	0.957	0.957	0.957	0.957	0.957	0.957	0.957	0.957	GGAGUGCUUCAACAGUGCUUGGACGCUCC	((((((.((((((...).)))))))))))
5MS0 [29],1.R.A.7.:1.R.C.35.	29	1	1	1	1	1	1	0.833	0.769	1	0.769	1	1	1	1	1	1	AUCUUUAAAAAUAAGCCCUGAAGAAGGGC	..............(((((.....)))))
6WLH [29],1.B.G.123.:1.B.C.151.	29	1	1	1	1	1	1	1	0.889	1	0.889	1	1	1	1	1	1	GGGCCACCAACGACAUUGAUAUGGUGCCC	((((.((((............))))))))
1AUD [30],1.B.G.19.:1.B.U.30.,1.B.C.33.:1.B.C.50.	30	1	1	0.471	0.471	0.471	0.471	1	1	1	1	1	1	1	1	1	1	GGCAGAGUCCUUCGGGACAUUGCACCUGCC	(((((.((((....)))).......)))))
1HVU [30],1.C.A.4.:1.C.A.33.	30	0.947	0.533	0.533	0.75	0.952	0.952	0.9	0.75	0.75	0.75	0.75	0.75	0.75	0.75	0.75	0.75	AGAUUCCGUUUUCAGUCGGGAAAAACUGAA	...[.[[[..((((((]]].]...))))))
8FZA [30],1.A.U.1.:1.A.G.30.	30	0.667	0.667	0	0.727	0.615	0.615	0.933	0.667	0.667	0.667	0.667	0.667	0.667	0.667	0.667	0.667	UUGGGUUCCCUCACCCCAAUCAUAAAAAGG	.((((...[[[...)))).........]]]
2LDT [31],1.A.G.1.:1.A.C.31.	31	1	0.952	1	1	1	1	1	1	0.778	1	1	0.778	1	1	0.778	1	GGGGAGUACGGCCGCAAGGUUAAAACUCCCC	(((((((..((((....))))...)))))))
5KMZ [31],1.A.A.2.:1.A.U.32.	31	0.632	0.471	0.737	0.737	0.737	0.737	0.471	0	0	0	0.471	0.471	0.471	0.471	0.471	0.471	AACCUUCACCAAUUAGGUUCAAAUAAGUGGU	[[[[..{((((.(((]]]]....)))}))))
6HYK [31],1.A.G.1.:1.A.C.31.	31	1	1	1	1	1	1	1	1	1	1	1	1	1	1	1	1	GGCACGGUGAUGACCUUCGGGUCUGAGUGCC	(((((......((((....))))...)))))
1KPD [32],1.A.G.1.:1.A.G.32.	32	0.556	0.667	0.588	0.667	1	1	0.6	0.952	0.588	0.952	0.952	0.588	0.952	0.952	0.588	0.952	GGCGCAGUGGGCUAGCGCCACUCAAAGGCCCG	(((((...[[[[[.))))).......]]]]].
5A17 [32],1.A.G.1.:1.A.C.32.	32	0.762	0.762	1	1	0.762	0.762	0.818	0.727	0.727	0.727	0.762	0.727	0.842	0.762	0.727	0.842	GACGAUAUCGAGCAUCAAGAGUGAAUAUCGUC	((((((((((..(.....)..)).))))))))
1YSH [33],1.F.A.1580.:1.F.A.1612.	33	1	1	1	1	1	1	0.941	0.941	0.941	0.941	0.941	0.941	0.941	0.941	0.941	0.941	AACUCCGUGGAAGCCGUAAUGGCAGGAAGCGGA	...(((((....(((.....))).....)))))
6VU1 [33],1.A.G.1.:1.A.G.19.,1.A.G.47.:1.A.U.60.	33	0.8	1	1	1	1	1	0.8	0	0	0	0.87	0.87	0.87	0.87	0.87	0.87	GGGUCUCUCUUGUCGAGAGGCAAGGAACCCACU	((((.((.((((((....))))))))))))...
1P5N [34],1.A.G.1.:1.A.C.34.	34	0.947	1	0.947	1	0.947	0.947	0.947	0	0	0	0.947	0.947	0.947	0.947	0.947	0.947	GGCAGAAAGCGUCUAGCCAUGGCGUUAGUAUGCC	((((....(((((.......))))).....))))
1R7W [34],1.A.G.1.:1.A.C.34.	34	1	1	1	1	1	1	1	1	1	1	1	1	1	1	1	1	GGAGGACAUCCCUCACGGGUGACCGUGGUCCUCC	(((((((......(((((....))))))))))))
1RNK [34],1.A.G.1.:1.A.U.34.	34	0.9	0.625	0.556	0.625	0.957	0.957	0.87	0	0.75	0	0.667	0.957	0.667	0.667	0.957	0.667	GGCGCAGUGGGCUAGCGCCACUCAAAAGGCCCAU	[[[[[..((((((.]]]]]........)))))).
2M57 [35],1.A.G.1.:1.A.U.35.	35	0.87	0.87	0.87	0.909	0.87	0.87	0.87	0.87	0.727	0.87	0.87	0.727	0.87	0.87	0.727	0.87	GGAGCCGUAUGCGGUAGUUCCGCACGUACGGAUCU	((..((((..((((.....))))....))))..))
1E95 [36],1.A.G.1.:1.A.C.36.	36	0.667	0.667	0.667	0.667	1	1	1	1	1	1	1	1	1	1	1	1	GCGGCCAGCUCCAGGCCGCCAAACAAUAUGGAGCAC	((((((.[[[[[[)))))).........]]]]]]..
1RAW [36],1.A.G.1.:1.A.C.36.	36	0.737	1	0.4	1	0.4	1	1	0.4	0.4	0.4	1	1	1	1	1	1	GGGAAGGGAAGAAACUGCGGCUUCGGCCGGCUUCCC	((((((...........((((....)))).))))))
2L1V [36],1.A.G.1.:1.A.A.36.	36	0.769	0	0	0	0	0	0.889	0.769	0.769	0.769	0.769	0.769	0.769	0.769	0.769	0.769	GGAGAGGUUCUAGUUAUACCCUCUAUAAAAAACUAA	..(((((...[[[......)))))........]]].
5TZS [36],1.1.G.388.:1.1.G.423.	36	0.714	0.615	0.714	0.941	0.714	0.714	0.667	0.625	0.625	0.625	0.625	0.625	0.625	0.625	0.625	0.625	GGGAGCCUGAGAAACGGCUACCACAUCCAAGGAAGG	((.(((..........))).)).(.((....)).).
7DD4 [36],1.A.G.2.:1.A.U.37.	36	0.72	1	1	1	1	1	0.96	1	0.571	1	1	0.571	1	1	0.571	1	GGUCUCUCUUCGGGGAACCCACUGCGAAAGUAGUGU	(((.((((....)))))))((((((....)))))).
7K4L [36],1.A.G.1.:1.A.C.36.	36	1	1	1	1	1	1	1	1	1	1	1	1	1	1	1	1	GGAGUGGUUAGUCUACGUUUCGACGUAGUUCUAACC	.....((((((.((((((....))))))..))))))
1D6K [37],1.B.G.267.:1.B.U.285.,1.B.C.291.:1.B.C.308.	37	0.9	0.9	0.9	1	0.9	0.9	0.857	0.381	0.471	0.381	1	0.471	1	1	0.471	1	GGACCGAUGGUAGUGUCUUCGGAUGCGAGAGUAGGUC	.((((.......(((((....))))).......))))
6WPI [37],1.B.U.9.:1.B.C.45.	37	0.923	0.96	0.769	1	0.769	0.769	0.889	1	0.545	1	1	0.818	1	1	0.818	1	UUGAAAAUGCUAAGGAUGAAAGUCUAUGCGUUUCAAC	(((.((((((...((((....))))..))))))))).
1B36 [38],1.A.G.1.:1.A.C.38.	38	1	1	1	1	1	1	1	0.857	0.857	0.857	1	0.9	1	1	0.9	1	GGUGCAGAAACAGCGCUUCGGCGCGUAUAUUACGCACC	(((((.......((((....)))).........)))))
2KTZ [38],1.A.G.1.:1.A.C.38.	38	0.727	0.957	0	1	0.957	0.957	0.667	0.957	0.957	0.957	0.957	0.957	0.957	0.957	0.957	0.957	GGAGGAACUACUGUCUUCCUUCGGGUCGUGCAGCCUCC	(((((.....(((((..((....))..).)))))))))
3BBX [38],1.A.C.70.:1.A.G.107.	38	0.889	0.727	0.909	1	0.909	0.909	0.87	0.8	0.8	0.8	1	0.8	1	1	0.8	1	CCGAUGGUAGUGUGGGGUCUCCCCAUGCGAGAGUAGGG	((.......((((((((...)))))))).......)).
2NBY [39],1.A.G.693.:1.A.C.731.	39	0.846	0.774	0.774	1	0.774	0.774	0.889	0.774	0.774	0.774	0.774	0.774	0.889	0.774	0.774	0.889	GGGCAGAAGGUACCCCAUUGUAUGGGAUCUGAUCUGCCC	(((((((.((.(.(((((...))))).)))..)))))))
2NBZ [40],1.A.G.730.:1.A.C.769.	40	0.968	1	1	1	1	1	0.968	0.968	0.968	0.968	0.968	0.968	0.968	0.968	0.968	0.968	GGGCUCGGUGCACAUGCUUUACAUGUGUUUAGUCGAGCCC	((((((((.(((((((.....)))))))....))))))))
3BBX [40],1.B.U.2244.:1.B.C.2283.	40	0.706	0.706	0.857	0.857	0.857	0.857	0.706	0.762	0.762	0.762	0.857	0.762	0.857	0.857	0.762	0.857	UUGACUGGGGCGGUCUCCUCCUAAAGAGUAACGGAGGAGC	..(((......[)))((((((..........]))))))..
4V4S [40],1.AA.G.1068.:1.AA.C.1107.	40	1	0.923	0.96	1	0.88	0.88	0.96	0.783	0.783	0.96	0.96	0.96	0.96	0.96	0.96	0.96	GCUCGUGCCGUGAGGUGUUGGGUUAAGUCCCGCAACGAGC	(((((((((....)))...(((......)))...))))))
7UMD [40],1.A.G.1.:1.A.C.40.	40	0.815	1	0.643	1	0.643	0.643	0.88	0.643	0.643	0.643	1	1	1	1	1	1	GGACGUGGACCGACUUCGGUCGGAAGGAAACUUAACGUCC	((((((...(((((....)))))(((....))).))))))
8IA0 [40],1.C1.U.2110.:1.C1.G.2149.	40	0.857	0.909	0.909	0.909	0.909	0.909	0.909	0.909	0.909	0.909	0.909	0.909	0.909	0.909	0.909	0.909	UAGCAUUGCGAUGGCCAGAAAGUGGUGUUGACGCAAUGUG	...((((((....((((.....))))......))))))..
1A4D [41],1.A.G.68.:1.A.C.88.,1.B.U.89.:1.B.C.108.	41	0.923	0.923	0.923	1	0.923	0.923	0.889	1	1	1	1	1	1	1	1	1	GGCCGAUGGUAGUGUGGGGUCUCCCCAUGCGAGAGUAGGCC	((((.......((((((((...)))))))).......))))
5JB3 [41],1.2.G.1020.:1.2.G.1060.	41	0.522	1	0.462	1	0.385	1	0.87	1	1	1	1	1	1	1	1	1	GCUCGUACCGUGAGGCGUCCACUUAAGUGUGGUAACGAGCG	((((((.((....))...((((......))))..)))))).
5V16 [41],1.A.G.1.:1.A.C.41.	41	0.933	1	1	1	1	1	0.933	1	1	1	1	1	1	1	1	1	GGAUCAAUAGCAGGUGUGGCACACCAGUCAUACCUUGAUCC	((((((.....(((((((((......)))))))))))))))
2L2J [42],1.A.G.1.:1.A.C.42.	42	1	1	1	1	1	1	1	1	1	1	1	1	1	1	1	1	GGUAAGGUGGGUGGAAUCCUUCGGGAUCCCACCUACCCUGCC	((((.(((((((((.((((....)))).))))))))).))))
7PMQ [42],1.E.G.1.:1.E.U.42.	42	0.897	0.867	0.897	0.897	0.897	0.897	0.897	0.897	0.897	0.897	0.897	0.897	0.897	0.897	0.897	0.897	GGGAAGGGUUUCGACCCUUCCCAAUAUGGCUGUUCGCCAUUU	((((((((......))))))))((.(((((.....)))))))
3J16 [43],1.J.G.548.:1.J.C.590.	43	0.75	0.857	0.72	0.72	0.72	0.72	0.75	0.72	0.435	0.72	0.72	0.435	0.72	0.72	0.435	0.72	GGAGGGCAAGUCUGGUGCCAGCAGCCGCGGUAAUUCCAGCUCC	((([[......((((.....((..]])).......)))).)))
4V4B [43],1.AA.A.179.:1.AA.C.190.,1.AA.C.190.A,1.AA.C.190.B,1.AA.C.190.C,1.AA.U.190.D,1.AA.U.190.E,1.AA.G.190.F,1.AA.G.190.G,1.AA.G.190.H,1.AA.G.190.I,1.AA.U.190.J,1.AA.G.190.K,1.AA.U.190.L:1.AA.U.204.,1.AA.G.216.:1.AA.G.220.	43	0.963	0.963	0.963	1	0.963	0.963	0.783	0.963	0.963	0.963	0.963	0.963	0.963	0.963	0.963	0.963	AUGUGGACCCGCCCCUUGGGGUGUGUCCAAAGGGCUUUGCCCG	....((((.(((((....))))).))))...((((...)))).
6HAG [43],1.A.G.1.:1.A.A.43.	43	0.632	0.632	0.632	0.632	0.632	0.632	0.632	0	0.286	0	0.632	0.632	0.522	0.632	0.632	0.522	GUCACAACGGCUUCCUGACGUGGCAGAUUGAAUUAUUGGAGCA	(((((..(.[[[.[[.)..))))).............]]]]].
6LQS [43],1.SA.U.1038.:1.SA.U.1080.	43	1	1	1	1	1	1	1	0.759	0.88	1	0.88	0.88	1	0.88	0.88	1	UAGGGAUCGGGUGGUGUUUUUUUAAUGACCCACUCGGCACCUU	.(((..((((((((.(((........)))))))))))..))).
1A60 [44],1.A.G.1.:1.A.A.44.	44	0.786	0.417	0.88	0.88	0.88	1	0.88	0.88	0.88	0.88	0.88	0.88	0.88	0.88	0.88	0.88	GGGAGCUCAACUCUCCCCCCCUUUUCCGAGGGUCAUCGGAACCA	(((((.......)))))[[[...((((((]]]...))))))...
1P6V [45],1.B.G.13.:1.B.C.57.	45	1	1	1	1	0.923	0.923	0.923	0.923	0.923	0.923	1	0.923	1	1	0.923	1	GAUUCGACGGGGACUUCGGUCCUCGGACGCGGGUUCGAUUCCCGC	.......(((((((....)))))))...(((((.......)))))
1Z2J [45],1.A.G.1.:1.A.C.45.	45	0.973	0.973	1	1	1	1	0.947	0.947	0.947	0.947	0.947	0.947	0.947	0.947	0.947	0.947	GGGAAGAUCUGGCCUUCCCACAAGGGAAGGCCAGGGAAUCUUCCC	(((((((((((((((((((....)))))))))))...))))))))
1YMO [47],1.A.G.1.:1.A.A.47.	47	0.966	0.522	0.522	0.75	1	1	1	1	1	1	1	1	1	1	1	1	GGGCUGUUUUUCUCGCUGACUUUCAGCCCCAAACAAAAAAGUCAGCA	[[[[[[........(((((((((]]]]]]........))))))))).
2MTJ [47],1.A.G.1.:1.A.G.47.	47	0.933	0.933	0.933	0.933	0.933	0.933	0.933	0.875	0.875	0.875	0.933	0.875	0.933	0.933	0.875	0.933	GGACCUCCCGUCCUUGGACGGUCGAGCGAAAGCUUGUGAUUGGUCCG	(((((..((((((..))))))..((((....))))......))))).
3IZZ [47],1.E.C.30.:1.E.C.76.	47	0.963	1	1	1	0.929	0.929	0.923	0.963	0.963	0.963	0.963	0.963	0.963	0.963	0.963	0.963	CUACCCGAAGUCGCCGGGAGCCUACGGGCAGGCGCCGAGGGUAGGGC	((((((...(.((((....(((....))).)))).)..))))))...
5KH8 [47],1.A.G.1.:1.A.C.47.	47	0.889	0.696	0.696	0.696	0.929	0.929	1	0.929	0.929	0.696	0.929	0.929	0.833	0.929	0.929	0.833	GGCGAUGGUGUUCGCCAUAAACGCUCUUCGGAGCUAAUGACACCUAC	[[[[..((((((]]]]......((((....))))....))))))...
8HIO [47],1.B.C.-31.:1.B.C.15.	47	1	0.667	0.571	0.667	0.571	0.87	0.706	0.571	0.571	0.571	0.571	0.571	0.75	0.571	0.571	0.75	CAUAGCCCAGCUUGGCGGGCGAAGGCCAAGACGGAGAUGAGGUGCGC	....[[[[..((((((]]]]....)))))).................
2K95 [48],1.A.G.93.:1.A.C.121.,1.A.C.166.:1.A.A.184.	48	0.889	0.522	0.522	0.522	0.889	0.889	0.889	0.889	0.889	0.889	0.889	0.889	0.889	0.889	0.889	0.889	GGGCUGUUUUUCUCGCUGACUUUCAGCCCCAAACAAAAAAUGUCAGCA	[[[[[[........(((((((((]]]]]]........))).)))))).
2KUR [48],1.A.G.1.:1.A.C.48.	48	1	1	1	1	1	1	0.947	1	1	1	1	1	1	1	1	1	GGCUUGAUUGUAUUAUUAAAUUAAUUCUUAAUAACUACAAAUUAAGCC	(((((((((((((((((((........))))))).))).)))))))))
6GZK [48],1.A.G.1.:1.A.C.48.	48	0.69	0.97	0.97	0.97	0.97	0.97	0.933	0.97	0.875	0.97	0.97	0.875	0.97	0.97	0.875	0.97	GGACGACUGAACCGAAAGGUUCUUGGCUGCUUCGGCAGAGGUACGUCC	(((((((.(((((....)))))....((((....))))..)).)))))
1RMN [49],1.A.G.1.:1.A.C.49.	49	1	1	1	1	1	1	1	1	1	1	1	1	1	1	1	1	GCGCUCUGAUGAGGCCGCAAGGCCGAAACUGCCGCAAGGCAGUCAGCGC	(((((.......((((....))))...((((((....)))))).)))))
1RY1 [49],1.E.G.100.:1.E.C.148.	49	0.811	0.909	0.909	0.909	0.25	0.757	0.688	0.8	0.8	0.8	0.8	0.8	0.8	0.8	0.8	0.8	GGCCGGGCGCGGUGGCGCGCGCCUGUAGUCCCAGCUACUCGGGAGGCUC	(((((((((((..[[[.)))))))....((((.]]..]..)))))))).
2LU0 [49],1.A.G.1.:1.A.C.49.	49	0.765	1	1	1	0.933	0.933	0.933	1	1	1	1	1	1	1	1	1	GGAAUAUGCUCAACGAAAGUGAAUCAGCUUCGGCUGAGAGCUAAGUUCC	(((((..((((.((....))...(((((....)))))))))...)))))
8EYU [49],1.A.G.1.:1.A.C.49.	49	0.75	0.96	0.96	0.96	0.96	0.96	0.667	0.96	0.96	0.593	0.96	0.96	0.786	0.96	0.96	0.786	GCGCCGGUUAGGCAGAGGUGGGUGGUGUGGAGGAGUAUCUGUCCGGCGC	(((((((....(((((.........(..........)))))))))))))
6RXV [50],1.C1.A.1621.:1.C1.A.1670.	50	0.963	0.903	1	1	1	1	0.929	0.733	0.593	0.733	1	0.88	0.88	1	0.88	0.88	AUUAGGGAUCGGACGGCGUUUAUUUUUGACCCGUUCGGCACCUUACGAUA	...(((..((((((((.(((.......)))))))))))..))).......
5ZWM [51],1.F.G.1.:1.F.A.51.	51	0.818	0.818	0.818	0.818	0.818	0.818	0.818	0.621	0.643	0.621	0.818	0.667	0.818	0.818	0.667	0.818	GUUCGCGAAAUUUUACUUCGUGGACAUUUGGUCAAUUUGAAACAAUACAGA	(((((((((.(...).))))))))).........(((......))).....
6ND4 [51],1.0.C.494.:1.0.C.544.	51	0.645	0.516	0.625	0.645	0.645	0.645	0.839	0.516	0.667	0.516	0.667	0.667	0.625	0.667	0.667	0.625	CGGAGUGCGCUGGUCAAGAGUGUAAAAGCUUUUUGAACAGAGAGCAUUUCC	.(((.(((.(((.((((...............)))).)))...)))..)))
6RXU [51],1.C1.G.1225.:1.C1.U.1275.	51	1	1	0.976	0.976	1	1	0.974	0.95	0.95	0.95	0.95	0.95	0.95	0.95	0.95	0.95	GGGCCUAGCCCGCCGGUCCGCCUCACCGCGUGCACUGGCUGGGCUGGGCCU	(((((((((((((((((.(((......)))...)))))).)))))))))))
2MHI [53],1.A.G.1.:1.A.C.53.	53	0.45	0.9	0.9	0.927	0.872	0.872	0.872	0.9	0.9	0.85	0.9	0.9	0.85	0.9	0.9	0.85	GGAAACGCCGCGGUCAGCUCGGCUGCUGCGAAGAGUUCGUCUCUGUUGUUUCC	((((((((.((((.((((...))))))))(..(((.....))))).)))))))
6LQR [54],1.SA.C.1033.:1.SA.A.1086.	54	0.903	0.778	0.97	1	0.97	0.97	0.875	0.743	0	0.743	0.867	0.867	0.786	0.867	0.867	0.786	CCGACUAGGGAUCGGGUGGUGUUUUUUUAAUGACCCACUCGGCACCUUACGAGA	(((...(((..((((((((.(((........)))))))))))..)))..)).).
1C2W [55],1.B.C.1348.:1.B.U.1402.	55	0.963	0.963	0.929	0.963	0.963	0.963	0.929	0.357	0.357	0.963	0.815	0.815	0.963	0.963	0.963	0.963	CCCCUAAGGCGAGGCCGAAAGGCGUAGUCGAUGGGAAACAGGUUAAUAUUCCUGU	.(((...(.(...(((....)))...).)...)))..(((((........)))))
1P5M [55],1.A.G.1.:1.A.C.55.	55	0.973	0.973	1	1	0.973	0.973	0.914	0.757	0.757	0.562	0.757	0.757	0.562	0.757	0.757	0.562	GGCUGUGAGGAACUACUGUCUUCACGCCUUCGGGAGUGUCGUGCAGCCUCCAGCC	(((((.((((.....(((((..(((.((....)).)))..).)))))))))))))
2HGH [55],1.B.G.1.:1.B.C.55.	55	0.897	0.788	0.788	0.788	0.75	0.75	0.97	0.788	0.788	0.788	0.788	0.968	0.815	0.788	0.968	0.815	GGGCCAUACCUCUUGGGCCUGGUUAGUACCUCUUCGGUGGGAAUACCAGGUGCCC	((((....((....))(((((((.....((.(....).))....)))))))))))
2KZL [55],1.A.G.1.:1.A.C.55.	55	1	1	1	1	1	1	0.966	0.903	0.903	0.903	1	0.903	0.903	1	0.903	0.903	GGGAGUAAAGAUUGAGACAAGUAGGACUUCGGUCCGAAUACACUCAUGAACUCCC	((((((......((((.......((((....)))).......))))...))))))
6ZQE [55],1.D4.U.137.:1.D4.U.191.	55	0.143	0.5	0.5	0.842	0.4	0.5	0.207	0.5	0.5	0.5	0.842	0.667	0.703	0.842	0.667	0.703	UAGCUUGGUCCGCAAUCCUUAGCGGUUCGGCCAUCUAUAAUUUUGAAUAAAAAUU	(((..(((.(((.((((......)))))))))).))).((((((....))).)))
2LC8 [56],1.A.G.4.:1.A.A.59.	56	0.722	0	0.647	0.647	0	0.647	0.353	0.438	0.412	0.438	0.483	0.412	0.483	0.483	0.412	0.588	GGUCAGGGUCAGGAGCCCCCCCCUGAACCCAGGAUAACCCUCAAAGUCGGGGGGCA	.(((.((((((((.[[[[[[[)))).))))..))).............]]]]]]].
5IEM [57],1.A.G.1.:1.A.C.57.	57	0.81	1	1	1	1	1	0.829	1	1	1	1	1	1	1	1	1	GGGAUCUGUCACCCCAUUGAUCGCCUUCGGGCUGAUCUGGCUGGCUAGGCGGGUCCC	((((((((((.(((((..(((((((....))).)))))))..))...))))))))))
3BBX [58],1.B.A.2675.:1.B.G.2732.	58	0.95	0.976	0.976	0.976	0.976	0.976	0.684	0.718	0.541	0.718	0.976	0.821	0.976	0.976	0.821	0.976	ACGCAUCACUGGUGUUCGGGUUGUCAUGCCAAUGGCACUGCCCGGUAGCUAAAUGCGG	.(((((...((((...(((((((((((....))))))..)))))...)))).))))).
6RXY [58],1.C1.A.1621.:1.C1.A.1678.	58	0.69	0.667	0.667	0.812	0.667	0.667	0.485	0.882	0.774	0.882	0.882	0.774	0.882	0.882	0.774	0.882	AUUAGGGAUCGGACGGCGUUUAUUUUUGACCCGUUCGGCACCUUACGAUAAAUCAAAA	.(..(((..(((((((.(((.......))))))))))...)))...((....))...)
2MIY [59],1.A.G.-1.,1.A.C.1.:1.A.A.58.	59	0.8	0.8	0.8	0.8	0.8	0.973	0.8	0.75	0.75	0.75	0.8	0.75	0.8	0.8	0.75	0.8	GCUUGGUGCUUAGCUUCUUUCACCAAGCAUAUUACACGCGGAUAACCGCCAAAGGAGAA	((((((((.....[[[[[[.)))))))).........((((....))))..]]]]]]..
6M62 [59],1.6.C.1.:1.6.C.59.	59	0.815	0.857	0.75	0.857	0.75	0.75	0.815	0.286	0.533	0.286	0.774	0.615	0.774	0.774	0.615	0.774	CCUUCUCAAACAUUCUGUUUGGUAGUGAGUGAUACUCUUUGGAGUUAACUUGAAAUUGC	.......((((.....)))).....(((((...((((....))))..))))..).....
7MQ8 [59],1.L1.C.1090.:1.L1.A.1148.	59	0.647	0.581	0.941	0.97	0.909	0.909	0.48	0.545	0.545	0.545	0.545	0.545	0.545	0.545	0.545	0.545	CCGACCGGCGAUGCGGCGGCGUUAUUCCCAUGACCCGCCGGGCAGCUUCCGGGAAACCA	(((...(((..(.((((((.(((........))))))))).)..)))..))).......
6ZQA [60],1.D3.A.1025.:1.D3.A.1084.	60	0.897	0.727	0.968	0.968	0.968	0.968	0.69	0.727	0.6	0.727	0.857	0.857	0.727	0.857	0.857	0.769	AAACUAUGCCGACUAGGGAUCGGGUGGUGUUUUUUUAAUGACCCACUCGGCACCUUACGA	.........((...(((...(((((((.(((........))))))))))...)))..)).
7KUB [60],1.A.C.43.:1.A.G.102.	60	0.978	1	1	1	1	1	0.81	0.773	0.87	1	1	1	1	1	1	1	CUGCUCUACCUUCACCAUGCCAAGUGGUCCCAGGCUGCACCCAUGGCAGAAGGAGGGCAG	(((((((.(((((.(((((....((((((...))))))...)))))..))))))))))))
7PUA [60],1.CA.C.552.:1.CA.U.611.	60	0.429	0.882	0.882	0.909	0.882	0.882	0.75	0.882	0.882	0.882	0.882	0.882	0.882	0.882	0.882	0.882	CCCACCAAUUUUUAUAAUAAAAAUAACGUGCAGUAAUUAAUAUAUUUAUAAAAAUAUAUU	..(((..((((((.....))))))...)))...........((((((....))))))...
8DFV [60],1.E.U.1.:1.E.U.60.	60	0.977	0.977	0.977	1	0.977	0.977	0.977	0.933	0.933	0.933	0.977	0.933	0.977	0.977	0.933	0.977	UGAGGUAGUAGGUUGUAUAGUAGUAAUUACACAUCAUACUAUACAACCUACUACCUCUCU	.((((((((((((((((((((((...........).)))))))))))))))))))))...
8ESR [60],1.1.G.3316.:1.1.U.3375.	60	0.919	0.919	0.919	0.944	0.919	0.919	0.85	0.85	0.8	0.85	0.919	0.85	0.85	0.919	0.85	0.85	GAAGAUGGGCGAUGGUUGAUGAAACGGAAGUGUUUUAUUGACUUGUCCAUGAAAUUCCAU	....((((((...(((((((.((((......)))).))))))).))))))..........
6VAR [61],1.A.G.1.:1.A.C.61.	61	0.957	0.936	0.936	0.936	0.958	0.958	0.979	0.936	0.936	0.936	0.936	0.936	0.936	0.936	0.936	0.936	GGUUCAUGUCCUACUGUUCAAGCCUCCAAGCUGUGCCUUGGGUGGCUUUGGGGCAUGGACC	((((((((((((........(((((((((((...).)))))).))))..))))))))))))
2N3Q [62],1.A.G.1.:1.A.G.62.	62	0.381	0.952	0.4	0.4	0.4	0.952	0.65	0.7	0.7	0.7	0.7	0.7	0.7	0.7	0.7	0.7	GCAGCAGGGAACUCACGCUUGCGUAGAGGCUAAGUGCUUCGGCACAGCACAAGCCCGCUGCG	(((((.(((..(((.(((..)))..)))(((..((((....))))))).....)))))))).
3J45 [63],1.1.A.52.:1.1.U.114.	63	0.6	0.621	0.6	0.621	0.6	0.6	0.48	0.667	0.562	0.343	0.667	0.562	0.514	0.667	0.562	0.514	AAGGACGUGCUAAUCUGCGAUAAGCGUCGGUAAGGUGAUAUGAACCGUUAUAACCGGCGAUUU	....((((.[..[[[.))).....((((((...(((]]]..].))).......))))))...)
4V4R [64],1.AA.G.588.:1.AA.C.651.	64	0.909	0.844	0.889	0.978	0.844	0.844	0.933	0.429	0.429	0.476	0.909	0.429	0.909	0.909	0.429	0.909	GCCUGGGGCGUCCCAUGUGAAAGACCACGGCUCAACCGUGGGGGAGCGUGGGAUACGCUCAGGC	(((((((.(((((((((.......((((((.....)))))).....)))))))..)))))))))
5OQL [64],1.1.A.1621.:1.1.G.1684.	64	0.667	0.71	0.71	0.727	0.71	0.71	0.485	0.649	0.529	0.649	0.649	0.529	0.649	0.649	0.529	0.649	AUUAGGGAUCGGACGGCGUUUAUUUUUGACCCGUUCGGCACCUUACGAUAAAUCAAAAUGUUUG	((.(.((.(((.((((.(((.......))))))).)))..)))...((....))...)).....
3R4F [66],1.A.G.1.:1.A.C.66.	66	0.958	1	1	1	1	1	0.979	1	0.791	1	1	1	1	1	1	1	GGCGUGUAUGUGGGGAAACCCUGAUUGAGUUCAGCCCACAUACUUUGUUGAUGGUUGUCAAUCGCC	((((.(((((((((......((((......)))))))))))))...((((((....))))))))))
5HR6 [66],1.D.C.3.:1.D.G.68.	66	0.667	0.974	0.974	0.974	0.579	0.714	0.95	0.974	0.974	0.974	0.974	0.974	0.974	0.974	0.974	0.974	CCCUUCGUCUAGAGGCCCAGGACACCGCCCUUUCACGGCGGUAACAGGGGUUCGAAUCCCCUAGGG	((((..((((....[....))))((((((.......))))))...(((((..]....)))))))))
6SGA [66],1.CA.C.554.:1.CA.U.619.	66	0.692	0.529	0.529	0.562	0.5	0.5	0.562	0.562	0.562	0.562	0.562	0.562	0.818	0.562	0.562	0.818	CACCAAUUUUUAUAAUAAAAAUAACGUGCAGUAAUUAAUAUAUUUAUAAAAAUAUAUUUUUUUUUU	.......((((......))))...............(((((((((....)))))))))........
2NC1 [67],1.A.G.680.:1.A.A.703.,1.A.U.725.:1.A.A.741.,1.A.U.762.:1.A.C.787.	67	0.98	0.98	0.98	0.98	0.98	0.98	0.864	0.267	0.255	0.98	0.98	0.98	0.98	0.98	0.98	0.98	GGGGCUGAAGGAUGCCCAGAGAGAUCUGGGGCCUCGGGAGAUCGAGGUUAAAAAACGUCUAGGCCCC	((((((...(((((((((((....))))))(((((((....)))))))(.....)))))).))))))
2MQT [68],1.A.G.93.:1.A.C.160.	68	0.962	0.941	0.962	0.962	0.962	0.962	0.962	0.962	0.39	0.962	0.962	0.39	0.962	0.962	0.39	0.962	GGGCGAGGGUCUCCUCUGAGUGAUUGACUACCCGUCAGCGGGGGUCUUUCAUUUGGGGGCUCGUGCCC	(((((.((((((((.....((((..((((.((((....))))))))..))))..)))))))).)))))
2N6W [68],1.A.G.1.:1.A.C.68.	68	0.939	0.939	0.902	0.92	0.902	0.902	0.902	0.939	0.939	0.939	0.939	0.939	0.939	0.939	0.939	0.939	GGAAUUUAUGAGUACGUAGAGUAUAAUUAGUCUUCGGACUUCCUUAUACUUAUAUACUUAUAGAUUCC	((((((((((((((......(((((...((((....))))....))))).....))))))))))))))
4WZJ [68],1.V.G.1.:1.V.G.68.	68	0.864	0.9	0.818	0.864	0.864	0.864	0.78	0.818	0.952	0.818	0.952	0.952	0.952	0.952	0.952	0.952	GCCGUGACGACUGAAAAGUCGGCAUUGGCAAUUUUUGACAGUCUCUAUGGGUAACCUAAGGAGACUGG	((((((.(((((....))))).))).))).........((((((((..((....))...)))))))).
6KE6 [68],1.SA.A.1020.:1.SA.A.1087.	68	0.903	0.903	0.97	1	0.865	0.865	0.903	0.667	0.556	0.667	0.765	0.765	0.667	0.765	0.765	0.786	ACCAUAAACUAUGCCGACUAGGGAUCGGGUGGUGUUUUUUUAAUGACCCACUCGGCACCUUACGAGAA	.............(((...(((..((((((((.(((........)))))))))))..)))..)).)..
8SCH [68],1.A.G.1.:1.A.U.68.	68	0.955	0.933	0.933	0.955	0.933	0.933	0.955	0.933	0.933	0.933	0.933	0.933	0.933	0.933	0.933	0.933	GAGAAUCCAGCUCUGGAAGCGUUUAUAUAACAUGAAAUAUAUAUACGCAUUCCGAUCAAAGCUGGGUU	....((((((((..(((.((((.((((((........)))))).))))..)))......)))))))).
3IVN [69],1.A.G.5.:1.A.C.73.	69	0.857	0.884	0.884	0.884	0.884	0.884	0.936	0.889	0.889	0.889	0.889	0.889	0.889	0.889	0.889	0.889	GGCCAGUAUAACCUCAAUGAUAUGGUUUGAGGGUGUCUACCAGGAACCGUAAAAUCCUGACUACUGGUC	(((((((((..((((((......[[.))))))[.{...)](((((.]]......))))).}))))))))
2N8V [70],1.X.G.1.:1.X.G.70.	70	0.87	0.826	0.87	0.87	0.87	0.98	0.833	0.833	0.833	0.833	0.864	0.833	0.864	0.864	0.833	0.864	GGAACAGCUGUACUGGGCAGUUACAGCAGUCGUAUGGUAACACAUGCGGCGUUCCGAAAUACCAUGCCUG	(((((.(((((((.[[[[[).)))))).((((((((......))))))))))))).........]]]]].
7UMC [70],1.A.G.1.:1.A.C.70.	70	0.78	0.6	0.667	0.977	0.667	0.977	0.9	0.667	0.667	0.667	0.7	0.667	0.683	0.7	0.667	0.683	GGAGUGGUUAGUCUACGUGGACCGACAAGACUUCGGUCGAAUCGGAAGGAAACUUAACGUAGUUCUAACC	.....((((((.((((((...((((...(((....)))...)))).((....))..))))))..))))))
2L3J [71],1.B.G.237.:1.B.C.307.	71	1	1	1	1	1	1	1	1	0.947	1	1	0.947	1	1	0.947	1	GGCAUUAAGGUGGGUGGAAUAGUAUAACAAUAUGCUAAAUGUUGUUAUAGUAUCCCACCUACCCUGAUGCC	(((((((.(((((((((.(((.(((((((((((.....))))))))))).))).))))))))).)))))))
2OIU [71],1.P.G.52.:1.P.U.71.,1.P.G.1.:1.P.A.51.	71	0.818	0.957	0.875	1	0.875	0.875	0.844	0.596	0.844	0.596	0.884	0.844	0.826	0.884	0.844	0.826	GGUGCUCCGAAAGGAGCACUGGACCUCGGCGAAAGCCGUUCGACCAGCGAAAGCUCUUAGACAGGAGGUUA	((((((((....)))))))).(((((((((....)))(.((....(((....)))....)))..)))))).
2OIU [71],1.Q.G.8.:1.Q.U.71.,1.Q.G.1.:1.Q.C.7.	71	0.87	0.957	0.875	0.978	0.978	0.978	0.978	0.739	0.739	0.978	0.978	0.978	0.978	0.978	0.978	0.978	GGCGAAAGCCGUUCGACCAGCGAAAGCUCUUAGACAGGAGGUUAGGUGCUCCGAAAGGAGCACUGGACCUC	(((....)))(.((....(((....)))....)))..((((((.((((((((....)))))))).))))))
5KPY [71],1.A.G.13.:1.A.C.83.	71	0.8	0.8	0.8	0.821	0.8	0.8	0.952	0.773	0.8	0.773	0.8	0.8	0.889	0.8	0.8	0.889	GGACACUGAUGAUCGCGUGGAUAUGGCACGCAUUGAAUUGUUGGACACCGUAAAUGUCCUAACACGUGUCC	((((((......(.(((((.....[[))))))..(.......(((((]].....)))))...)..))))))
5WYJ [71],1.5A.G.90.:1.5A.C.160.	71	0.737	0.913	0.913	0.913	0.913	0.913	0.78	0.913	0.913	0.638	0.913	0.913	0.667	0.913	0.913	0.667	GUCAAACGGUGGAGAGAGUCGCUAGGUGAUCGUCAGAUCUGCCUAGUCUCUAUACAGCGUGUUUAAUUGAC	.(((((((.((...((((..((((((..(.(....).)...))))))))))...)).)))......)))).
6GB2 [71],1.AV.A.1.:1.AV.A.71.	71	0.56	1	0.529	1	0.529	0.529	0.857	0.545	0.229	0.833	0.545	0.545	0.833	0.545	0.545	0.833	AGUAAGGUCAGCUAAAUAAGCUAUCGGGCCCAUACCCCGAAAAUGUUGGUUAUACCCUUCCCGUACUACCA	((((.((..((((.....)))).(((((.......)))))....(..((......))..))).))))....
7TRD [71],1.B.G.251.:1.B.C.321.	71	0.204	0.889	0.958	0.958	0.958	0.958	0.591	0.553	0.409	0.553	0.553	0.409	0.553	0.553	0.409	0.553	GAGGCCGCGGUCGGCCCGGGGCUUCUCCGGAGGCACCCACUGCCACCGCGAAGAGUUGGGCUCUGUCAGCC	..(((((((((.(((..((((((.(....).))).)))...))))))))).((((.....))))....)))
8CTI [71],1.C.G.1.:1.C.C.71.	71	0.698	0.974	0.55	0.55	0.35	0.947	0.927	0.974	0.974	0.55	0.974	0.974	0.889	0.974	0.974	0.889	GGUUCCAUAGUGUAGCGGUUAUCACGUCUGCUUUACACGCAGAAGGUCCUGGGUUCGAGCCCCAGUGGAAC	.((((((..(((.....[....))).(((((.......))))).....(((((..]....)))))))))))
8FCS [71],1.A.G.1.:1.A.C.71.	71	0.941	1	1	1	1	1	0.923	0.906	0.906	1	1	1	1	1	1	1	GGAGAGGAGGCAAGAUGCUGGCAUAGCUGUUGAACUGGGAACCUGCUAUGCCAACAUAUUGCCAUCUUUCC	(((((((.(((((.(((.(((((((((.(((........)))..))))))))).))).))))).)))))))
2MF0 [72],1.G.U.1.:1.G.A.72.	72	0.947	0.919	0.947	0.973	0.973	0.973	0.947	0.947	0.947	0.947	0.947	0.947	0.947	0.947	0.947	0.947	UGUCGACGGAUAGACACAGCCAUCAAGGACGAUGGUCAGGACAUCGCAGGAAGCGAUUCAUCAGGACGAUGA	((((........))))..((((((......)))))).......((((.....))))..((((.....)))).
2ZNI [72],1.C.G.1.:1.C.U.7.,1.C.G.9.:1.C.A.15.,1.C.A.18.:1.C.G.47.,1.C.G.49.:1.C.A.76.	72	0.884	0.952	0.952	0.952	0.927	0.927	0.93	0.952	0.429	0.952	0.952	0.952	0.952	0.952	0.952	0.952	GGGGGGUGGAUCGAAUAGAUCACACGGACUCUAAAUUCGUGCAGGCGGGUGAAACUCCCGUACUCCCCGCCA	((((.((.((((.....)))).((((.(.......).))))...(((((.......))))))).))))....
6AHU [72],1.T.G.1.:1.T.C.72.	72	0.762	0.927	0.78	0.8	0.78	0.78	0.927	0.927	0.927	0.762	0.927	0.927	0.842	0.927	0.927	0.842	GUUUCCGUAGUGUAGUGGUUAUCACGUUCGCCUAACACGCGAAAGGUCCCCGGUUCGAAACCGGGCGGAAAC	(((.(((..(((..........))).(((((.......))))).....(((((.......)))))))).)))
8AC0 [72],1.R.U.2.:1.R.A.73.	72	0.686	0.41	0.698	0.732	0.698	0.698	0.486	0.238	0.238	0.651	0.526	0.524	0.651	0.526	0.524	0.651	UAGACGAACGGCGCGUCUUUAAACCAUGCGUCGGGAGCGCGGCGGGUUCAGGAUGAACGGCAAUGCUGCUCA	.(((((..[[.[[)))))..........]].]].((((((...(.(((((...)))))..)...)).)))).
2OM7 [73],1.J.G.2094.:1.J.U.2130.,1.J.G.2159.:1.J.U.2172.,1.J.C.2174.:1.J.C.2195.	73	0.571	0.542	0.542	0.542	0.542	0.622	0.884	0.565	0.565	0.542	0.884	0.884	0.878	0.884	0.884	0.878	GCUCUUGGUCGCGCCUGCGUAGGAUAGGUGGGAGCCUGGCGCCGGUGAAAUCCACCCUGGCGCGGCUGGGGGC	((((((((.(.((((.(.........(((((...(...)............)))))).)))).).))))))))
8ASW [73],1.X.G.1.:1.X.A.73.	73	0.229	0.857	0.743	0.857	0.788	0.788	0.789	0.571	0.571	0.216	0.765	0.857	0.258	0.788	0.857	0.667	GGGCACAUGGCGCAGUUGGUAGCGCGCUUCCCUUGCAAGGAAGAGGUCAUCGGUUCGAUUCCGGUUGCGUCCA	((...((..((((........)))).((((.........)))).......(((.......)))..))...)).
3J5S [74],1.A.U.1834.:1.A.G.1907.	74	0.723	0.667	0.766	0.8	0.667	0.667	0.571	0.256	0.095	0.766	0.766	0.256	0.766	0.766	0.412	0.766	UGCCCGGUGCCGGAAGGUUAAUUGAUGGGGUUAGCGCAAGCGAAGCUCUUGAUCGAAGCCCCGGUAAACGGCGG	.(((..(((((((..(((........(((((..((....))...)))))........))))))))..)))))..
5AKA [74],1.7.A.101.:1.7.U.174.	74	0.3	0.324	0	0	0	0.65	0.765	0	0.15	0	0.158	0.15	0.286	0.286	0.158	0.316	AGCGCAGCGCGGACGCCCGAACCUGGUCAGAGCCGGAAGGCAGCAGCCAUAAGGGAUGCUUUGCGGGUGCCGUU	(((((..(..(((..(((......(((....(((....)))....)))....)))....)))..)...).))))
2IHX [75],1.B.C.160.:1.B.G.234.	75	0.711	1	1	1	0.596	0.596	0.909	0.625	0.511	0.625	0.625	0.92	0.816	0.889	0.92	0.816	CUGCCCUCAUCCGUCUCGCUUAUUCGGGGAGCGGACGAUGACCCUAGUAGAGGGGGCUGCGGCUUAGGAGGGCAG	((((((((...((((.(((((.......)))))))))....((((.....))))(((....)))...))))))))
4TZP [75],1.E.G.5.:1.E.C.79.	75	0.878	0.8	0.8	0.933	0.578	0.578	0.913	0.933	0.933	0.8	0.933	0.933	0.8	0.933	0.933	0.8	GAGUAGUUCAGUGGUAGAACACCACCUUGCCAAGGUGGGGGUCGCGGGUUCGAAUCCCGUCUCGGGCGAAAGCCC	(((..((((....[..)))).(((((.......))))).....(((((..]....))))))))((((....))))
8FKZ [76],1.L3.C.4453.:1.L3.G.4528.	76	0.489	0.4	0.391	0.391	0.372	0.391	0.6	0.419	0.4	0.391	0.622	0.429	0.622	0.651	0.429	0.622	CGGCUCUUCCUAUCAUUGUGAAGCAGAAUUCACCAAGCGUUGGAUUGUUCACCCACUAAUAGGGAACGUGAGCUGG	((((.((((((..(.(.(((((......)))))...).).(((.(.....).))).....)))))..)...)))).
1P5O [77],1.A.G.1.:1.A.C.77.	77	0.958	0.583	0.98	1	0.958	0.958	0.462	0.739	0.792	0.486	0.739	0.792	0.486	0.739	0.792	0.486	GGCUGUGAGGAACUACUGUCUUCACGCAGAAAGCGUCUAGCCAUGGCGUUAGUAUGAGUGUCGUGCAGCCUCCAGCC	(((((.((((.....(((((..(((.((....(((((.......))))).....)).)))..).)))))))))))))
7PNU [77],1.A.C.841.:1.A.U.917.	77	0.552	0.462	0.308	0.45	0.333	0.333	0.533	0.39	0.421	0.39	0.39	0.444	0.5	0.39	0.444	0.5	CCGUCACCCUCCUCAAAUUAAAUUAAACUUAACAUAAUUAAUUUCUAGACAUCCGUUUAUGAGAGGAGAUAAGUCGU	.((.(...((((((....(((((....((....((.....))....))......)))))...))))))....).)).
6K0B [83],1.U.G.1.:1.U.C.83.	83	0.56	0.864	0.511	0.936	0.511	0.936	0.826	0.936	0.936	0.936	0.936	0.936	0.936	0.936	0.936	0.936	GGUGGGGUUCCCGAGCGGCCAAAGGGAGCAGACUCUAAAUCUGCCGUCAUCGACUUCGAAGGUUCGAAUCCUUCCCCCACCAC	(((((((..(((.....[.....))).((((.........)))).(((...)))...(((((..]....))))))))))))..
3A3A [86],1.A.G.1.:1.A.G.5.,1.A.G.5.A,1.A.A.5.B:1.A.U.16.,1.A.G.18.:1.A.U.20.,1.A.C.20.A:1.A.U.47.,1.A.G.47.A,1.A.U.47.B,1.A.C.47.C,1.A.U.47.D,1.A.A.47.E,1.A.G.47.F,1.A.C.47.G,1.A.G.47.H,1.A.A.47.I,1.A.C.47.J,1.A.A.47.K,1.A.G.47.L:1.A.A.48.,1.A.G.50.:1.A.C.64.,1.A.C.66.:1.A.U.67.,1.A.U.67.A,1.A.U.67.B:1.A.C.72.	86	0.897	0.966	0.983	0.983	0.947	0.947	0.949	0.966	0.966	0.966	0.966	0.966	0.966	0.966	0.966	0.966	GCCCGGAUGAUCCUCAGUGGUCUGGGGUGCAGGCUUCAAACCUGUAGCUGUCUAGCGACAGAGUGGUUCAAUUCCACCUUUCGGGC	(((((((.(..((((((..[.))))))((((((.......)))))).(((((....))))).((((..]....))))).)))))))
7S36 [87],1.R.C.11.:1.R.U.97.	87	0.762	0.245	0.245	0.32	0.32	0.776	0.957	0.44	0.44	0.769	0.898	0.898	0.769	0.898	0.898	0.769	CUACUCUGUUGUUUUAGAGCUAGAAAUAGCAAGUUAAAAUAAGGCUAGUCCGUUAUCAACUUGAAAAAGUGGCACCGAGUCGGUGCU	..........((((((..((((....))))....))))))..(((..).)).......((((....)))).((((((...)))))).
2GO5 [90],1.9.C.2825.:1.9.A.2914.	90	0.962	1	0.981	0.981	0.755	0.778	0.816	0.189	0.182	0.962	0.962	0.741	0.962	0.962	0.741	0.962	CGAGGUCCCGCGUACAAGACGCGGUCGAUAGACUCGGGGUGUGCGCGUCGAGGUAACGAGACGUUAAGCCCACGAGCACUAACAGACCAA	...(((((((((.......)))))....(((.((((((((....(((((..(....)..)))))...)))).))))..)))...))))..
7V2M [90],1.A.C.1387.:1.A.U.1476.	90	0.906	0.893	0.943	0.943	0.906	0.906	0.846	0.873	0.846	0.873	0.873	0.846	0.88	0.873	0.846	0.88	CGUCACGCCAUGGGAGCGGGCUCUACCCGAAGUCGCCGGGAGCCUACGGGCAGGCGCCGAGGGUAGGGCCCGUGACUGGGGCGAAGUCGU	..(..(.((..((...((((((((((((...(.((((....(((....))).)))).)..))))))))))))...))..)).)..)....
8DP3 [90],1.R.G.1.:1.R.C.90.	90	1	0.955	1	1	1	1	0.971	0.696	0.696	1	0.75	0.727	1	0.75	0.727	1	GGUAAAACAGCCUGUGGGUGAAACACACCCACAGGGCCCAUUGGGCGCUAGCACUCUGGUAUCACCGUACCUUUGUGCGCCUGUUUUACC	((((((((((((((((((((.....))))))))))((((...))))((..((((...(((((....)))))...))))))))))))))))
8HMY [90],1.T.G.0.:1.T.G.89.	90	0.667	0.78	0.364	0.941	0.364	0.941	0.762	0.711	0.667	0.6	0.711	0.667	0.78	0.711	0.667	0.78	GGGCUCUGUGGCGCAAUGGAUAGCGCAUUGGACUUCUAGUGACGAAUAGAGCAAUUCAAAGGUUGUGGGUUCGAAUCCCACCAGAGUCGG	.(((((((..((((........)))).((((((.(((..........))))...))))).....(((((.......))))))))))))..
8T29 [90],1.R.G.1.:1.R.C.90.	90	0.857	0.689	0.59	0.677	0.567	0.918	0.933	0.951	0.951	0.951	0.951	0.951	0.951	0.951	0.951	0.951	GGUUGCUCGACUGUGAGGGGACCUACCCACUGUGGAAACACCACAGGAACUUCCAACCUUCGGGUGGCGAGGUAGGGCAGAAGAGUGACC	((((((((..((((..[..{.(((((((.((((((.....))))))...]..((.(((....)))))}).))))))))))..))))))))
8I9P [91],1.C1.U.3124.:1.C1.A.3214.	91	0.857	0.882	0.789	0.789	0.789	0.789	0.5	0.682	0.682	0.682	0.732	0.682	0.682	0.732	0.682	0.882	UAGACGUAUAAGAAUAGGCUCCGGCCUCGUAUCCUAGCAGGCGAUUCCUCCGCCGGCCUCGAAGUGGCCGUCGGUAAUUCGCGUAUUGCAA	.....(.((.......(((....)))....))).......((((.....(((.(((((.......))))).)))....)))).........
2N7M [92],1.X.G.0.:1.X.U.91.	92	0.986	1	0.986	1	1	1	0.921	0.986	0.986	0.986	0.986	0.986	0.986	0.986	0.986	0.986	GGCCUUAUGCACGGGAAAUACGCAUAUCAGUGAGGAUUCGUCCGAGAUUGUGUUUUUGCUGGUGUAAAUCAGCAGUUCCCCUGCAUAAGGCU	(((((((((((.(((((..(((((.(((.....(((....)))..))))))))...(((((((....))))))).))))).)))))))))))
7SHX [94],1.A.G.1.:1.A.C.94.	94	0.562	0.6	0.59	0.594	0.6	0.71	0.793	0.594	0.594	0.594	0.839	0.839	0.774	0.839	0.839	0.786	GGACCCAUAACCCACCUAGACCCUAGCUUCGGCUAGAGGGUCAACGCGAAAGCGAGGCCGGGUGGGCGGGUACGUCCGCCCUGGGGAGGGGUCC	((((((...((((.(...(((((((((....)))..))))))..(((....)))..)..))))(((((((....))))))).......))))))
2OM7 [96],1.C.G.1401.:1.C.G.1442.,1.C.G.1442.A,1.C.A.1442.B:1.C.A.1447.,1.C.C.1452.,1.C.G.1456.:1.C.C.1501.	96	0.885	0.984	0.968	0.984	0.918	0.918	0.712	0.548	0.531	0.635	0.656	0.897	0.857	0.897	0.897	0.857	GCCCGUCACGCCAUGGGAGCGGGCUCUACCCGAAGUCGCCGGGAGCCUACGGGCAGGCGCCGAGGGUAGGGCCCGUGACUGGGGCGAAGUCGUAAC	(..((.(.((((.(((..(((((((((((((...(.((((....(((....))).)))).)..)))))))))))))..))).))))..).))...)
3KTW [96],1.C.A.141.:1.C.C.236.	96	0.742	0.903	0.531	0.571	0.613	0.918	0.951	0.438	0.438	0.438	0.531	0.689	0.885	0.885	0.885	0.885	AGAUAGUCGUGGGUUCCCUUUCUGGAGGGAGAGGGAAUUCCACGUUGACCGGGGGAACCGGCCAGGCCCGGAAGGGAGCAACCGUGCCCGGCUAUC	.(((...((((((((((((((((....))))))))))).))))).....((((.....(((.....(((....))).....)))..))))...)))
8BYV [96],1.a.C.1414.:1.a.G.1509.	96	0.929	0.949	0.7	0.759	0.7	0.7	0.929	0.644	0.115	0.644	0.655	0.642	0.655	0.655	0.642	0.655	CCGUCACACCACGAGAGUUUGUAACACCCGAAGCCGGUGGAGUAACCUUUUAGGAGCUAGCCGUCGAAGGUGGGACAAAUGAUUGGGGUGAAGUCG	.((...((((.(((....((((..((((....(.((((..(((..(((...))).))).)))).)...))))..))))....))).))))....))
6JXM [97],1.B.G.1.:1.B.A.97.	97	0.966	0.966	0.78	0.966	0.842	0.842	0.935	0.877	0.877	0.966	0.966	0.877	0.966	0.966	0.877	0.966	GCGGAAGUAGUUCAGUGGUAGAACACCCGACAGACGAAGCGCUAAAACGUGGGAUUCUGUCGGGGGGUCGCGGGUUCGAGUCCCGUCUUCCGCUCCA	(((((((..((((....[..)))).((((((((((...(((......)))..)..))))))))).....(((((..]....))))))))))))....
3W3S [98],1.B.G.1.:1.B.G.5.,1.B.A.5.A:1.B.G.11.,1.B.C.11.A:1.B.U.16.,1.B.G.18.:1.B.U.20.,1.B.G.20.A:1.B.G.43.,1.B.U.43.A:1.B.A.47.,1.B.G.47.A,1.B.G.47.B,1.B.U.47.C,1.B.C.47.D,1.B.C.47.E,1.B.C.47.F,1.B.G.47.G,1.B.C.47.H,1.B.A.47.I,1.B.A.47.J,1.B.G.47.K,1.B.G.47.L,1.B.G.47.M,1.B.A.47.N,1.B.G.47.O,1.B.C.47.P,1.B.U.47.Q,1.B.C.47.R,1.B.C.47.S:1.B.C.67.,1.B.U.67.A:1.B.C.75.	98	0.896	0.923	0.909	0.955	0.97	0.97	0.955	0.478	0.5	0.5	0.909	0.5	0.54	0.909	0.909	0.938	GGGAGAGGUUGGCCGGCUGGUGCCGCCCCGGGACUUCAAAUCCCGUGGGAGGUCCCGCAAGGGAGCUCCGGAGGGUUCGAUUCCCUCCCUCUCCCGCC	((((((((..((.((((..[.))))))((((((.......))))).)((((.((((....)))).)))).(((((..]....)))))))))))))...
7V99 [98],1.R.C.237.:1.R.G.334.	98	0	0.954	0.954	0.954	0.716	0.716	0.351	0.656	0.557	0.554	0.656	0.557	0.554	0.656	0.557	0.554	CCGAACCCCGCCUGGAGGCCGCGGUCGGCCCGGGGCUUCUCCGGAGGCACCCACUGCCACCGCGAAGAGUUGGGCUCUGUCAGCCGCGGGUCUCUCGG	((((...((((.....(((((((((.(((..(((((.((....)).)).)))...))))))))).((((.....))))....))))))).....))))
1S9S [101],1.A.G.276.:1.A.U.376.	101	0.986	1	1	1	0.93	0.93	0.82	1	0.941	1	1	0.941	1	1	0.941	1	GGCGGUACUAGUUGAGAAACUAGCUCUGUAUCUGGCGGACCCGUGGUGGAACUGUGAAGUUCGGAACACCCGGCCGCAACCCUGGGAGAGGUCCCAGGGUU	.((((..((((((....))))))..)))).....((((..(((.(((((((((....)))))....)))))))))))((((((((((....))))))))))
1YSH [101],1.B.U.652.:1.B.G.752.	101	0.593	0.873	0.561	0.607	0.582	0.582	0.735	0.727	0.226	0.727	0.727	0.245	0.727	0.727	0.245	0.727	UAGACGGUGGGAGAGGGUGGUGGAAUUCCCGGAGUAGCGGUGAAAUGCGCAGAUACCGGGAGGAACGCCGAUGGCGAAGGCAGCCACCUGGUCCACCCGUG	...((((((((...((((((((....((((((....((........)).......))))))....).......((....)).)))))))..))))).))).
6MJ0 [101],1.A.A.2.:1.A.C.102.	101	0.582	0.387	0.387	0.419	0.419	0.596	0.9	0.632	0.746	0.72	0.815	0.746	0.72	0.815	0.746	0.72	AAGUUCUCGAUCUUUAAAAUCGUUAGCUCGCCAGUUAGCGAGGUCUGCGAAAGCAGAUAAUCGGGUGCAACUCCCGCCCUUUCUCCGAGGGUCAUCGGAAC	(((....[[[[)))....]]]]...((((((..[...)))))((((((....))))))...((((..]....))))(((.....[[[.))).)..]]]...
2KRL [102],1.A.G.1.:1.A.G.102.	102	0.857	0.9	0.9	0.9	0.812	0.812	0.8	0.667	0.667	0.305	0.9	0.9	0.9	0.9	0.9	0.9	GGACGGUGGCAGCACUGUCUAGCUGCGGGCAUUAGACUGGAAAACUAGUGCUCUUUGGGUAACCACUAAAAUCCCGAAAGGGUGGGCUGUGGUGACCCUCCG	.(((((((....))))))).......(((((((((..[[[[...)))))))))...((((.(((((......(.(....).)......))))).))))]]]]
2XXA [102],1.F.G.1.:1.F.C.102.	102	0.206	1	0.27	1	1	1	0.721	0.145	0.141	0.111	0.147	0.143	0.113	0.206	0.149	0.141	GCAUUGCUGGUGCAGCGCAGCGCGGACGCCCGAACCUGGUCAGAGCCGGAAGGCAGCAGCCAUAAGGGAUGCUUUGCGGGUGCCGUUGCCUUCCGGCAAUGC	((((((((((.((((((((.(((((((((((.....((((....(((....)))....))))...))).)).))))))..)).))))))...))))))))))
4FRN [102],1.A.G.1.:1.A.A.102.	102	0.731	0.509	0.459	0.467	0.475	0.714	0.706	0.75	0.75	0.75	0.75	0.75	0.75	0.75	0.75	0.75	GGGCUAAAAGCAUGGUGGGAAAGUGACGUGUAAUUCGUCCACAUUACUUGAUACGGUUAUACUCCGAAUGCCACCUAGCCCAAAGUAGAGCAAGGAGACUCA	((((((....{..(((((....(.((((.......))))){.(([.[[[[)).(((......})))...})))))))))))......(((]]]]...]))).
7LVA [103],1.A.G.123.:1.A.C.225.	103	0.8	0.742	0.719	0.844	0.719	0.719	0.727	0.719	0.719	0.73	0.73	0.719	0.755	0.73	0.719	0.755	GGCUCUGGUAACUAGAGAUCCCUCAGACCCUUUUAGUCAGUGUGGAAAAUCUCUAGCAGUGGCGCCCGAACAGGGACUUGAAAGCGAAAGUAAAGCCAGAGCC	(((((((((..(((((((((((.(.(((.......))).).).))...)))))))).(.(..(((((.....))).((....))))..).)...)))))))))
3BBX [104],1.B.G.1026.:1.B.A.1129.	104	0.531	0.538	0.519	0.538	0.528	0.528	0.409	0.218	0.538	0.218	0.56	0.615	0.235	0.56	0.615	0.235	GAAACGAUGUGGGAAGGCCCAGACAGCCAGGAUGUUGGCUUAGAAGCAGCCAUCAUUUAAAGAAAGCGUAAUAGCUCACUGGUCGAGUCGGCCUGCGCGGAAGA	....((..(((((..(((.......(((((.(((..(((.........)))..))).....(..(((......)))).)))))...)))..))))).)).....
5NCO [104],1.1.G.4.:1.1.C.107.	104	0.836	0.917	0.919	0.959	0.944	0.944	0.917	0.648	0.648	0.648	0.917	0.845	0.917	0.917	0.845	0.917	GGCUCUGUUGGUUCUCCCGCAACGCUACUCUGUUUACCAGGUCAGGUCCGGAAGGAAGCAGCCAAGGCAGAUGACGCGUGUGCCGGGAUGUAGCUGGCAGGGCC	(((((((((((((((((((((...(...(((((((....(((....(((....)))....))).)))))))....)....))).)))).).)))))))))))))
3JB9 [105],1.C.C.7.:1.C.U.111.	105	0.909	0.949	0.949	0.949	0.915	0.915	0.842	0.889	0.966	0.889	0.966	0.966	0.929	0.966	0.966	0.929	CGUCAAAGCACUUUGCAAAAGCUAACGUAUCUGUUUCUUGCCUUUUACCAGAAACAGCCGUUUGUAAGGUGUGCUAAUUUGACUGUAUAGUUUUUGUAAUCUUUU	(((((((((((((((((((......((...((((((((.(.......).)))))))).)))))))))))))).....)))))).)....................
7OF1 [107],1.1.A.2872.:1.1.U.2978.	107	0.542	0.793	0.5	0.517	0.526	0.69	0.5	0.625	0.567	0.625	0.645	0.567	0.625	0.645	0.567	0.625	AUGUCGGCUCUUCCUAUCAUACCGAAGCAGAAUUCGGUAAGCGUUGGAUUGUUCACCCACUAAUAGGGAACGUGAGCUGGGUUUAGACCGUCGUGAGACAGGUUAGU	....((((.((((((..(.(.(((((......)))))...).).(((.........))).....)))))..)...))).).....(((((((....))).))))...
2NBX [108],1.A.G.680.:1.A.C.787.	108	0.921	0.974	0.9	0.9	0.9	0.9	0.861	0.456	0.405	0.456	0.889	0.889	0.889	0.889	0.889	0.889	GGGGCUGAAGGAUGCCCAGAAGGUACCCCAUUGUAUGGGAUCUGAUCUGGGGCCUCGGUGCACAUGCUUUACAUGUGUUUAGUCGAGGUUAAAAAACGUCUAGGCCCC	((((((...(((((((((((.((.(.(((((...))))).)))..))))))(((((((.(((((((.....)))))))....)))))))(.....)))))).))))))
3KTV [108],1.A.G.122.:1.A.A.229.	108	0.702	0.912	0.559	0.567	0.576	0.585	0.566	0.156	0.152	0.393	0.159	0.159	0.552	0.552	0.379	0.552	GCGGCAUCAAUAUGGUGACCUCCCGGGAGCGGGGGACCACCAGGUUGCCUAAGGAGGGGUGAACCGGCCCAGGUCGGAAACGGAGCAGGUCAAAACUCCCGUGCUGUA	.(((((.(((..(((((..((((((....))))))..)))))..)))......(.(((((.....((((....(((....)))....))))...)))))).)))))..
4V4V [108],1.B9.G.6.:1.B9.G.106.,1.B9.A.108.:1.B9.C.114.	108	0.627	0.667	0.305	0.316	0.305	0.772	0.862	0.175	0.175	0.175	0.259	0.25	0.175	0.509	0.333	0.821	GGCGGCCGUAGCGCGGUGGUCCCACCUGACCCCAUGCCGAACUCAGAAGUGAAACGCCGUAGCGCCGAUGGUAGUGUGGGGUCUCCCCAUGCGAGAGUAGGAACUGCC	(((((........(.(((....(((((((.............))))..)))...))).)......(.(.....((.(((((...))))).)).....).)...)))))
7JIL [110],1.3.U.1.:1.3.C.110.	110	0.28	0.667	0.312	0.349	0.312	0.312	0.889	0.271	0.295	0.19	0.373	0.295	0.373	0.831	0.746	0.831	UAAGGUGGUUAUUGCGGCGGGGCUCACCUCUUCCCAUCCCGAACAGAGAAGUUAAGCCCGCUUGCGCAGAUGGUACUGCAGUUUUGUGGGAGAGUAUGUCGUCGCCUUUC	.((((((((....((((((((....((((((...(.....)...))))..))....)))))).))(((.......(((((....))))).......))).))))))))..
2LKR [111],1.A.G.1.:1.A.C.111.	111	0.767	0.838	0.838	0.865	0.901	0.901	0.586	0.523	0.507	0.493	0.806	0.806	0.521	0.806	0.806	0.521	GGCAAUACAGAGAUGAUCAGCAGUUCCCCUGCAUAAGGAUGAACCGUUUUACAAAGAGAUUUCUUCGGGAAUCUCUUUGCCUUUUGGCUUAGAUCAAGUGUAGUAUCUGUC	((((((((.....((((((((.((((.(((.....)))..)))).......((((((((((((....)))))))))))).......)))..)))))......)))).))))
3J0L [111],1.h.C.1606.:1.h.A.1716.	111	0.778	0.8	0.881	0.881	0.862	0.862	0.772	0.793	0.793	0.702	0.793	0.793	0.702	0.793	0.793	0.702	CACCGCCCGUCGCUUGUAGUAACGAAUGGUCUGGUGAACCUUCUGGACUGCGACAGCAAUGUUGCGGAAAAAUAAGUAAACCCUACCAUUUGGAACAACAAGAAGUCGUAA	.......((.(.(((((.....(.((((((..(((..((.(..(...(.((.(((....))).)).)...)..).))..)))..)))))).).....)))))..).))...
8FMW [112],1.AB.C.1.:1.AB.G.112.	112	0.776	0.866	0.853	0.892	0.831	0.831	0.892	0.82	0.438	0.412	0.82	0.825	0.431	0.82	0.825	0.609	CCCUGGUGGUUAAAGAAAAGAGGAAACACCUGUUAUCAUUCCGAACACAGAAGUUAAGCUCUUAUUCGCUGAUGGUACUGCGAGUUCGCGGGAGAGUAGGUUAUUGCCAGGG	.(((((((((....((.(((((.....((((((...(.....)...))))..))....)))))..))(((.......(((((....))))).......))).))))))))).
7NHK [114],1.B.G.2.:1.B.G.115.	114	0.529	0.783	0.817	0.857	0.812	0.812	0.889	0.485	0.485	0.485	0.485	0.492	0.485	0.533	0.581	0.485	GUGGUGGCGAUAGCGAGAAGGAUACACCUGUUCCCAUGCCGAACACAGAAGUUAAGCUUCUUAGCGCCGAUUGUAGUGAAGGGUUUCCCUUUGUGAGAGUAGGACGUCGCCACG	((((((((....((((((((.....((((((...(.....)...))))..))....)))))).)).((.......((((((((...)))))))).......))..)))))))).
7YR6 [118],1.A.G.1.:1.A.U.118.	118	0.741	0.825	0.746	0.776	0.727	0.727	0.75	0.841	0.696	0.841	0.841	0.696	0.841	0.841	0.696	0.841	GCGUACAGGGAACACGCAACCCCGAAGGAUCGGGGAAGGGACGUCGCCAGGGAGGCGAUUCCAUCAGGAUGAUGACGAGGGACUGAAGAGUGGGCGGGGUAAUACCCCGCCCCUUUUU	((((.........))))..(((((......))))).........((((.....))))...(.(((.....)))).(........)(((((.((((((((.....))))))))))))).
4KQY [119],1.A.G.0.:1.A.C.118.	119	0.877	0.806	0.842	0.909	0.769	0.9	0.909	0.909	0.963	0.909	0.909	0.963	0.909	0.909	0.963	0.909	GUUCUUAUCAAGAGAAGCAGAGGGACUGGCCCGACGAAGCUUCAGCAACCGGUGUAAUGGCGAAAGCCAUGACCAAGGUGCUAAAUCCAGCAAGCUCGAACAGCUUGGAAGAUAAGAAC	(((((((((....(((((...(((.[[[[)))......)))))(((..(((((...(((((....))))).)))..)).)))...(]]]](((((.......)))))..))))))))))
6UES [119],1.A.G.1.:1.A.C.119.	119	0.481	0.366	0.296	0.296	0.296	0.765	0.64	0.267	0.247	0.685	0.289	0.247	0.685	0.37	0.289	0.685	GGUCAUGAGUGCCAGCGUCAAGCCCCGGCUUGCUGGCCGGCAACCCUCCAACCGCGGUGGGGUGCCCCGGGUGAUGACCAGGUUGAGUAGCCGUGACGGCUACGCGGCAAGCGCGGGUC	((((....(.((((((....((.[[[[[)).)))))))((((.((((((.{{{{{)).))))))))]]]]]....))))..((((.((((((.....)))))).))))....}}}}.}.
6Q97 [120],1.3.U.1.:1.3.U.120.	120	0.491	0.677	0.206	0.215	0.212	0.369	0.812	0.209	0.219	0.209	0.219	0.375	0.209	0.762	0.407	0.762	UGCCUGGCGGCCGUAGCGCGGUGGUCCCACCUGACCCCAUGCCGAACUCAGAAGUGAAACGCCGUAGCGCCGAUGGUAGUGUGGGGUCUCCCCAUGCGAGAGUAGGGAACUGCCAGGCAU	.(((((..((.....((..((((....(((.(((.............)))...)))...))))...)).((..........(((((...)))))..........))...))..)))))..
3JAJ [124],1.4.G.114.:1.4.U.237.	124	0.649	0.925	0.625	0.625	0.641	0.649	0.562	0.237	0.231	0.368	0.247	0.237	0.545	0.545	0.394	0.575	GACUAAGUUCGGCAUCAAUAUGGUGACCUCCCGGGAGCGGGGGACCACCAGGUUGCCUAAGGAGGGGUGAACCGGCCCAGGUCGGAAACGGAGCAGGUCAAAACUCCCGUGCUGAUCAGUAGUU	(.((..(.(((((((((((.(((((..((((((....))))))..))))).))))......(.(((((.....((((....(((....)))....))))...))))))))))))).)...)).)
8UYS [124],1.A.G.159.:1.A.C.282.	124	0.918	0.952	0.952	0.989	0.977	0.977	0.725	0.884	0.847	0.828	0.884	0.847	0.828	0.884	0.847	0.828	GGACACGAGUAACUCGUCUAUCUUCUGCAGGCUGCUUACGGUUUCGUCCGUGUUGCAGCCGAUCAUCAGCACAUCUAGGUUUCGUCCGGGUGUGACCGAAAGGUAAGAUGGAGAGCCUUGUCCC	(((((..((...(((.(((((((((((..((((((..((((......))))...))))))......)))(((((((.((......)))))))))(((....)))))))))))))).))))))).
2J37 [128],1.A.G.112.:1.A.C.239.	128	0.732	0.941	0.659	0.667	0.675	0.683	0.685	0.296	0.289	0.585	0.308	0.3	0.615	0.675	0.659	0.615	GACACUAAGUUCGGCAUCAAUAUGGUGACCUCCCGGGAGCGGGGGACCACCAGGUUGCCUAAGGAGGGGUGAACCGGCCCAGGUCGGAAACGGAGCAGGUCAAAACUCCCGUGCUGAUCAGUAGUGUC	((((((..(.(((((((((((.(((((..((((((....))))))..))))).))))......(.(((((.....((((....(((....)))....))))...))))))))))))).)...))))))
3IVK [128],1.C.U.-7.:1.C.A.-1.,1.C.G.1.:1.C.A.121.	128	0.72	0.785	0.785	0.785	0.753	0.843	0.785	0.729	0.841	0.675	0.914	0.841	0.753	0.914	0.914	0.753	UCCAGUAGGAACACUAUACUACUGGAUAAUCAAAGACAAAUCUGCCCGAAGGGCUUGAGAACAUCGAAACACGAUGCAGAGGUGGCAGCCUCCGGUGGGUUAAAACCCAACGUUCUCAACAAUAGUGA	[[[[[[[[...((((((.]]]]]]]]...............[[[[[(...).(.((((((((((((.....)))))..((((.]]]]]))))((.((((......)))).)))))))))).)))))).
6WLJ [130],1.A.G.1.:1.A.C.130.	130	0.98	0.98	0.98	0.98	0.98	0.98	0.98	0.98	0.98	0.98	0.98	0.98	0.98	0.98	0.98	0.98	GGCGAUAUGGCAUGGAAUCAGCUCAAGGAACUGUGAACGUAUAUCGGGCAACGACUAGGAAACUAGUCGUUGGGAAGAAACUGCCGAUAUACGGGAGUUCCUUGAGCGGGAGAUUCCAUGCCUAAGUCGC	.(((((.((((((((((((.((((((((((((.....((((((((((.((((((((((....))))))))))..(......).))))))))))..))))))))))))....)))))))))))..))))))
8UYE [135],1.A.G.187.:1.A.C.321.	135	0.713	0.925	0.7	0.714	0.687	0.938	0.625	0.358	0.7	0.358	0.602	0.7	0.564	0.602	0.7	0.564	GGAGCAUCGUGUCUCAAGUGCUUCACGGUCACAAUAUACCGUUUCGUCGGGUGCGUGGCAAUUCGGUGCACAUCAUGUCUUUCGUGGCUGGUGUGGCUCCUCAAGGUGCGAGGGGCAAGUAUAGAGCAGAGCUCC	(((((.((.((.(((..(((((((((((((((..(((.(((......)))))).)))))....).)))(((((((.(((......))))))))))(((((((.......))))))))))))).))))))))))))
8IBZ [136],1.E.U.23.:1.E.G.158.	136	0.821	0.675	0.753	0.771	0.762	0.762	0.8	0.857	0.857	0.69	0.857	0.857	0.827	0.857	0.857	0.827	UGUACACGUGGUAAACACGUGACAGCAGCCCCGAUGGACGGACCGCGAGGACCGUCAAGCCUAGCAGGUACCUUCGGGUGGGGCCUUGCGAUACCUGCGGGCGAACCCUGUGGUCGGGUUUGCAGCCCGGCCACAG	....((((((.....))))))......[[[[[....(((((.(......).)))))..((((.(((.(((((....)).]]]]].......)).))))))))......(((((((((((.....))))))))))).
7LYF [139],1.A.G.1.:1.A.A.139.	139	0.943	0.901	0.901	0.901	0.901	0.901	0.891	0.901	0.901	0.876	0.901	0.901	0.876	0.901	0.901	0.876	GCCCGGAUAGCUCAGUCGGUAGAGCAGCGGAGCUGUUAGUCUACGUGGACCGACAAAGACAGAUUCUUUGAGGGAGCUAAGCUCAACGUAGUUCUAACAGCUCCGCGGGUCCAGGGUUCAAGUCCCUGUUCGGGCGCCA	(((((((...(((.....[..)))..(((((((((((((..(((((.((((..((((((.....)))))).)).........)).)))))...))))))))))))).....(((((..]....))))))))))))....
7A5P [140],1.2.C.45.:1.2.C.184.	140	0.805	0.697	0.478	0.485	0.478	0.507	0.767	0.597	0.597	0.597	0.597	0.697	0.697	0.697	0.697	0.697	CUUAUCAGUUUAAUAUCUGAUACGUCCUCUAUCCGAGGACAAUAUAUUAAAUGGAUUUUUGGAGCAGGGAGAUGGAAUAGGAGCUUGCUCCGUCCACUCCACGCAUCGACCUGGUAUUGCAGUACCUCCAGGAACGGUGC	........((((((((.......((((((.....))))))...)))))))).................(((.((((................)))))))....(((((.(((((.............)))))..))))).
7LYG [142],1.A.G.1.:1.A.A.142.	142	0.884	0.867	0.884	0.903	0.863	0.863	0.767	0.884	0.884	0.75	0.903	0.884	0.75	0.903	0.884	0.75	GCCCGGAUAGCUCAGUCGGUAGAGCAGCGGUAGCUGUUGAUCUGUGUGAAUCAGACUGCGACAGUUCGAGUUUGAAGCGAAAGCUAGCAACAGUAUCAACAGCUACCGCGGGUCCAGGGUUCAAGUCCCUGUUCGGGCGCCA	(((((.(..((((.....[..)))).(((((.(((((((((((((((...(((.(((.(((....)))))).))).))...........)))).))))))))).))))).....(((((..]....)))))).)))))....
2J37 [143],1.Z.C.38.:1.Z.C.180.	143	0.708	0.328	0.746	0.746	0.27	0.714	0.78	0.263	0.361	0.74	0.771	0.366	0.74	0.794	0.831	0.821	CAGCGAUAGUCGGGUGAGAACCCCGACGGCCUAAUGGAUAAGGGUUCCUCAGCACUGCUGAUCAGCUGAGGGUUAGCCGGUCCUAAGUCAUACCGCAACUCGACUAUGACGAAAUGGGAAACGGGUUAAUAUUCCCGUGCCAC	........((((((.......))))))...................((((((...((.....)).))))))....((....((...((((((.((.....))..)))))).....))...(((((........)))))))...
8UYP [143],1.A.G.150.:1.A.C.292.	143	0.874	0.902	0.902	0.952	0.923	0.923	0.605	0.408	0.408	0.519	0.646	0.634	0.519	0.646	0.634	0.519	GGUUGACAAGAAACGAGUAACUCGUCCCUCUUCUGCAGACUGCUUACGGUUUCGUCCGUGUUGCAGUCGAUCAUCAGCAUACCUAGGUUUCGUCCGGGUGUGACCGAAAGGUAAGAUGGAGAGCCUUGUUCUUGGUGUCAACC	(((((((((((.(((((...(((.(((.(((((((.(((((((.(((((......)))))..)))))).....))))(((((((.((......)))))))))(((....))))))).)))))).))))))))))...))))))
6QKL [148],1.N.G.3333.:1.N.C.3480.	148	0.762	0.682	0.8	0.8	0.773	0.773	0.306	0.742	0.659	0.378	0.822	0.659	0.378	0.822	0.659	0.378	GUUUGCGUAAUAGUAGCAUGAUUUAGUACGAGAGGAACUGUCAUGCCGGAUCACUGGUCUGUAGGUUUAUUUGACAAAAUAGUGACCUGCCGCUACCAUCCGUUGGAUAAUGGCUGAACGCCUCUAAGUCAGAAUCCAUUCUAGAAAC	......((..(((..(((((((......(....).....)))))))(((((...((((....((((((((((....)))))..)))))...))))..))))).((((...((((.............))))...))))..)))...))
3BBX [150],1.B.A.2284.:1.B.A.2433.	150	0.633	0.682	0.682	0.69	0.682	0.682	0.605	0.667	0.667	0.667	0.682	0.667	0.667	0.698	0.667	0.667	ACGAAGGUUGGCUAAUCCUGGUCGGACAUCAGGAGGUUAGUGCAAUGGCAUAAGCCAGCUUGACUGCGAGCGUGACGGCGCGAGCAGGUGCGAAAGCAGGUCAUAGUGAUCCGGUGGUUCUGAAUGGAAGGGCCAUCGCUCAACGGAUAA	((...(((((((...(((((.........))))).....((.[.[[[))....)))))))...((((..((((....))))..)))).(((....))).))]]].].....(((((((.((........)))))))))............
3IZD [151],1.A.G.1948.:1.A.C.2098.	151	0.845	0.9	0.9	0.9	0.9	0.9	0.738	0.587	0.611	0.68	0.729	0.725	0.86	0.86	0.74	0.86	GGUCGGGUAGUGAGGGCCUUGGUCAGACGCAGCGGGCGUGCUUGUGGACUGCUUGGUGGGGCUUGCUCUGCUAGGCGGACUACUUGCGUGCCUUGUUGUAGACGGCCUUGGUAGGUCUCUUGUAGACCGUCGCUUGCUACAAUUAACGAUC	(.(((.((((((((.(((..((.(....(((((.(((..((..((.(.(.((.(((.((((....)))).))).)).).).))..))..)))..)))))....).))..))).((((.......))))....))))))))......))).)
2N1Q [155],1.A.G.105.:1.A.A.135.,1.A.G.217.:1.A.G.254.,1.A.G.260.:1.A.C.345.	155	0.687	0.713	0.769	0.769	0.712	0.712	0.725	0.713	0.713	0.718	0.784	0.784	0.762	0.784	0.784	0.816	GGUGCCCGUCUGUUGUGUGACUCUGGUGAGAGCCAGAGGAGAUCUCUCGACGCAGGACUCGGCUUGCUGGAGACGGCAAGAGGCGAGGGGCGGCGACUGGUGAGUACGCCAAAAAUUUUGACUAGCGGAGGCUAGAAGGAGAGAGAUGGGUGCCC	(((((((((((.(((((((.(((((((....)))))))...(((..(((.(((....((((.(((((((....)))))))...))))..))).)))..)))...))))).).....(((..(((((....)))))..))).).))))))))))).
3P49 [169],1.A.G.0.:1.A.U.20.,1.A.C.721.:1.A.G.734.,1.A.A.25.:1.A.G.158.	169	0.698	0.747	0.535	0.828	0.828	0.828	0.773	0.635	0.4	0.69	0.635	0.635	0.69	0.635	0.635	0.69	GGAUAUGAGGAGAGAUUUCAUCCAUUGCACUCCGGAUGAAACACCGAAGAAGUAAAUCUUUCAGGUAAAAAGGACUCAUAUUGGACGAACCUCUGGAGAGCUUAUCUAAGAGAUAACACCGAAGGAGCAAAGCUAAUUUUAGCCUAAACUCUCAGGUAAAAGGACGGAG	.((((((((....(.((.(((((..........))))).)))(((....(((.....)))...)))........))))))))........(((((.......((((.....))))..(((...((((....(((......))).....))).).))).......)))))
7SC6 [169],1.C.C.1.:1.C.A.169.	169	0.847	0.855	0.855	0.862	0.836	0.937	0.742	0.855	0.855	0.855	0.855	0.855	0.855	0.855	0.855	0.855	CGUGGUUGACACGCAGACCUCUUACAAGAGUGUCUAGGUGCCUUUGAGAGUUACUCUUUGCUCUCUUCGGAAGAACCCUUAGGGGUUCGUGCAUGGGCUUGCAUAGCAAGUCUUAGAAUGCGGGUACCGUACAGUGUUGAAAAACACUGUAAAUCUCUAAAAGAGACCA	((((.....)))).((((((((....)))).)))).(((((((..((((((..[[[[[[)))))).......((((((....))))))..((((.(.((((.....)))).).....))))))))))).(((((.(.(....).).)))))........]]]]]]....
6WLL [171],1.A.G.-12.:1.A.G.158.	171	0.659	0.713	0.344	0.638	0.638	0.826	0.767	0.6	0.571	0.644	0.644	0.6	0.644	0.644	0.6	0.644	GGAAUCGGAUGAAGAUAUGAGGAGAGAUUUCAUUUUAAUGAAACACCGAAGAAGUAAAUCUUUCAGGUAAAAAGGACUCAUAUUGGACGAACCUCUGGAGAGCUUAUCUAAGAGAUAACACCGAAGGAGCAAAGCUAAUUUUAGCCUAAACUCUCAGGUAAAAGGACGGAG	....(((......((((((((....(.((.(((....))).)))(((...((((.....))).).)))........))))))))...)))..(((((....(.(((((.....))))))(((...((((....(((......))).....))).).))).......)))))
3BBX [175],1.B.G.46.:1.B.G.220.	175	0.725	0.717	0.688	0.695	0.674	0.674	0.649	0.701	0.687	0.701	0.742	0.701	0.708	0.742	0.701	0.769	GCGAUGAAGGACGUGCUAAUCUGCGAUAAGCGUCGGUAAGGUGAUAUGAACCGUUAUAACCGGCGAUUUCCGAAUGGGGAAACCCAGUGUGUUUCGACACACUAUCAUUAACUGAAUCCAUAGGUUAAUGAGGCGAACCGGGGGAACUGAAACAUCUAAGUACCCCGAGGAAAAG	((......((((((.[..[[[.))).....((((((...(((]]]..].))).......))))))...)))....(((....)))(((((((....))))))).(((((((((.........))))))))).))...((((((.....(......)......))))).)......
5V3I [186],1.A.G.600.:1.A.C.785.	186	0.656	0.871	0.855	0.878	0.878	0.878	0.814	0.52	0.52	0.46	0.533	0.711	0.667	0.79	0.711	0.744	GGCGCUGUGUCGCAAUCUGCGAAGGGCGUCGUCGCCCCAAGCGGUAGUAAGCAGGGAACUCACCUCCAAUGAAACACAUUGUCGUAGCAGUUGACUACUGUUAUGUGAUUGGUAGAGGCUAAGUGACGGUAUUGGCGUAAGCCAAUACCGCAGCACAGCACAAGCCCGCUUGCGAGAUUACAGCGC	.((((((((((.....((((...(((.........)))..))))..((((((.(((..((((((..(((((.....)))))..(((((((.......)))))))......))).)))(((..(((.((((((((((....))))))))))...)))))).....)))))))))..))).)))))))
4P8Z [188],1.A.G.1.:1.A.C.188.	188	0.559	0.655	0.377	0.439	0.443	0.525	0.529	0.432	0.414	0.443	0.464	0.491	0.483	0.566	0.557	0.577	GGUUGGGUUGGGAAGUAUCAUGGCUAAUCACCAUGAUGCAAUCGGGUUGAACACUUAAUUGGGUUAAAACGGUGGGGGACGAUCCCGUAACAUCCGUCCUAACGGCGACAGACUGCACGGCCCUGCCUCUUAGGUGUGUCCAAUGAACAGUCGUUCCGAAAGGAAGCAUCCGGUAUCCCAAGACAAUC	(((((..(((((..(((((((((...[[[.)))))))))..((((.(((.((((......(((((...((((..(((...]]]))).......))))((....)).....[[[[[...))))).(((.....))))))).)))....]]]]].((((....))))....))))...)))))..)))))
2NOQ [190],1.A.A.4.:1.A.U.193.	190	0.688	0.36	0.505	0.524	0.467	0.518	0.416	0.545	0.495	0.11	0.557	0.505	0.11	0.557	0.505	0.514	AAAAAUGUGAUCUUGCUUGUAAAUACAAUUUUGAGAGGUUAAUAAAUUACAAGUAGUGCUAUUUUUGUAUUUAGGUUAGCUAUUUAGCUUUACGUUCCAGGAUGCCUAGUGGCAGCCCCACAAUAUCCAGGAAGCCCUCUCUGCGGUUUUUCAGAUUAGGUAGUCGAAAAACCUAAGAAAUUUACCUGCU	(((((........(((((((((.(........[[[[[.......).)))))))))......))))).....(((((.((((....)))).....[[[[.[[[[)))))((((.....))))...]]]].]]]]...]]]]]...(..(((((.....[.[[[[..)))))..)........]]]].]...
3BBX [209],1.B.A.221.:1.B.A.429.	209	0.756	0.828	0.678	0.807	0.783	0.783	0.587	0.81	0.085	0.736	0.81	0.09	0.81	0.81	0.386	0.81	AAAUCAACCGAGAUUCCCCCAGUAGCGGCGAGCGAACGGGGAGCAGCCCAGAGCCUGAAUCAGUGUGUGUGUUAGUGGAAGCGUCUGGAAAGGCGCGCGAUACAGGGUGACAGCCCCGUACACAAAAAUGCACAUGCUGUGAGCUCGAUGAGUAGGGCGGGACACGUGGUAUCCUGUCUGAAUAUGGGGGGACCAUCCUCCAAGGCUAA	...((....))...(((((.....((.....))....)))))...((((.((((......(((((((((((((.(((...(((((......)))))(((...).[[[.....))]]]...)))...)))))))))))))...))))...)....((((((((..[......))))))))......(((((].....)))))..)))...
6WLT [231],1.A.G.-4.:1.A.A.226.	231	0.901	0.964	0.884	0.892	0.853	0.891	0.806	0.75	0.652	0.563	0.794	0.756	0.603	0.794	0.794	0.617	GGUCCGUUGAAGACUGCAGGAGAGUGGUUGUUAACCAGAUUUUAACAUCUGAGCCAAAUAACCCGCCGAAGAAGUAAAUCUUUCAGGUGCAUUAUUCUUAGCCAUAUAUUGGCAACGAAUAAGCGAGGACUGUAGUUGGAGGAACCUCUGGAGAGAACCGUUUAAUCGGUCGCCGAAGGAGCAAGCUCUGCGCAUAUGCAGAGUGAAACUCUCAGGCAAAAGGACAGAGGA	..(((......((((((((......(((((((...(((((......))))).....))))))).(((...((((.....))))..)))((.((((((.(.((((.....)))))..)))))))).....))))))))...))).((((((....(.((((......)))))(((...((((...((((((((....))))))))....))).).))).......)))))).
4C4Q [233],1.N.G.128.:1.N.C.360.	233	0.897	0.925	0.907	0.926	0.907	0.907	0.737	0.449	0.484	0.352	0.477	0.513	0.387	0.608	0.612	0.533	GACUAGCCGUAGUGGCGAGCUCCCUGGGUGGUCUAAGUCCUGAGUACAGGACAGUCGUCAGUAGUUCGACGUGAGCACUAGCCCACCUCGAGAUGCUACGUGGACGAGGGCAUGCCCAAGACACACCUUAACCCUGGCGGGGGUCGCUAGGGUGAAAUCACAUUAUGUGAUGGGGGUACGACCUGAUAGGGUGCUGCAGAGGCCCACUAGCAGGCUAGUAUAAAAAUCUCUGC	.(((((((.((((((((..(((((..((((((((..((((((....))))))..(((((.((((.((((.(((.((....)).))).))))....))))...)))))(((....))).)))).))))...(((((.((((...)))).)))))....(((((...))))).)))))..))((((....))))((..[[[[[))))))))...)))))))........]]]]].
8BTZ [238],1.A.G.1.:1.A.C.238.	238	0.941	0.941	0.941	0.941	0.971	0.971	0.919	0.941	1	0.941	0.941	1	0.941	0.941	1	0.941	GGAAUAUCGUCAUGGUGAUUCGUCACCAUGAGGCUAGAUCUCAUAUCUAGCGCUUUCGAGCGCUAGAGUCCUUAUCUAGCCGGUUUAUACUUUCGAGUGUGAACCCGAUAUUCCGCGGAUCACUAUGAGUCGUUCGCGGCUCAUAGUCCGGCUCAAAGGACAUCAUGGCCUGUUCGCAGGUUGUGAUUAUGAGUGAGCCGGGUAAGGCAUACCGUUCGCGGUAUGUCUUACGAUCCGC	((((((((((((((((((....)))))))))(((((((([[[[[[(((((((((....)))))))))[[[[[[))))))))((((((((((....)))))))))))))))))))((((((((((((((((((....)))))))))))((((((((]]]]]](((((((((((....)))))))))))]]]]]]))))))))(((((((((((((....))))))))))))))))))))
1X8W [247],1.B.G.96.:1.B.A.238.,1.B.C.240.:1.B.G.331.,1.B.U.403.:1.B.G.414.	247	0.735	0.611	0.649	0.77	0.667	0.722	0.536	0.434	0.425	0.497	0.518	0.528	0.503	0.607	0.596	0.503	GACCGUCAAAUUGCGGGAAAGGGGUCAACAGCCGUUCAGUACCAAGUCUCAGGGGAAACUUUGAGAUGGCCUUGCAAAGGGUAUGGUAAUAAGCUGACGGACAUGGUCCUAACCGCGCAGCCAAGUCCUAAGUCAACAGGAGACUGUUGAUAUGGAUGCAGUACACAGACUAGAUGUCGGCCGGGGAAGAUGUAUUCUUCUCAUAAGGUAUAGUCGGACCUCUCCCGAAAGGGAGUUGGAGUACUCG	[.[[[.[....((((((...((((((.....(((.((((.(((..(((((((((....)))))))))..((.......))....)))......)))))))....))))))..)).))))((...((((....(((((((....)))))))...))))...))...(.(((((...].]]].].((((((.......))))))........))))))(.((.(((((....)))))..))......).
5AN9 [247],1.N.C.1356.:1.N.C.1602.	247	0.769	0.493	0.454	0.547	0.547	0.715	0.581	0.577	0.647	0.577	0.686	0.647	0.577	0.686	0.647	0.679	CAUUUUUGGUAAGCAGAACUGGCGAUGUGGGUUGAACCAAAUAUUGGGAUAAGACGUCUAACAUUCACUAAUAGAUACCACAAAAGGUGUUAGUUCAUUAAGACAGCAGGACGGUGGCCAUGGAAGUCGGUAUCCGCUAAGGAGUGUGUAACAACUCACCUGCCAAAUGGACUAGCCCUGAAAAUGGAUGACGCUAGCAGUGGAUGGUCGAUGCCCAAUCGUUAAAAGAAGUGAUAAUACUUUUAAC	((.(((((.....))))).))......(((......)))...((((((....((([[[...(((((((.....(..........(((.((((((((((.......(((((.(((..(((.........)))..))).....(...((......)).).)))))...)))))))))))))..........]]].).....))))))))))....)))))).((((((((...........))))))))
6K0A [258],1.X.G.-1.:1.X.U.256.	258	0.725	0.724	0.737	0.742	0.742	0.816	0.567	0.692	0.738	0.718	0.705	0.752	0.731	0.769	0.752	0.769	GGAGGGGGCUGGUGACUUUCCCCUCUUUAAGAGGGGAGGAAGUUCCGCCCACCCCAUUUAUGGGCAGCGUCCCCUGAGAAGGGGCGGGAGAUGCAGCAGAAACGACACGGCUCCGGAAGAGAUGACGAUGAUAGUGAAAGUUGAGGACUUCCGGAGAACCGGUGAAACGGGCAUCUCCCCUGCCCGGGGUGCAAGCCGGUUUCGGCGCUUAGCCGAAUGUCACCGAAAUUACAGAAGGCGGGCUAUAGCCCCCAUUUU	...(((((((((((((...((((((.....)))))).{...[..[[[[[((((((......((((((...(((((....))))).(((((((((.............(((((((((((.....(.(......(.(....).)...).)))))))))..))).........)))))))))))))))))))))...((((....))))............)))))).......}....]]]]].]...))))))).....
4UE4 [266],1.A.G.4.:1.A.U.269.	266	0.638	0.678	0.131	0.131	0.684	0.878	0.545	0.211	0.202	0.251	0.213	0.206	0.251	0.674	0.211	0.251	GCCGUGCUAAGCGGGGAGGUAGCGGUGCCCUGUACCUGCAAUCCGCUCUAGCAGGGCCGAAUCCCUUCUCGAGGUUCGUUUACUUUAAGGCCUGCCUUAAGUAAGUGGUGUUGACGUUUGGGUCCUGCGCAAUGGGAAUUCAUGAACCAUGUCAGGUCCGGAAGGAAGCAGCAUUAAGUGAAACCUCUCAUGUGCCGCAGGGUUGCCUGGGCCGAGCUAACUGCUUAAGUAACGCUAGGGUAGCGAAUCGACAGAAGGUGCACGGU	(((((((...((((((.......[[..))))...(((((...]]......)))))))......((((((...((((((.((((((((.(..((((.(((((((.(((((.(((..(((((((.((((((((.(((((.(((((.....((((..(.(((....)))..).))))...)))).)..)))))..)).))))))....)))))))))))))).)))))))))))..))))))))))))))))...)))))).)))))))
4UE5 [299],1.A.G.1.:1.A.U.299.	299	0.702	0.96	0.148	0.149	0.149	0.178	0.186	0	0.072	0.18	0	0.073	0.213	0.253	0.202	0.218	GCCGGGCGCGGUGGCGCGCGCCUGUAGUCCCAGCUACUCGGGAGGCUGAGGCAGGAGGAUCGCUUGAGCCCAGGAGUUCUGGGCUGCAGUGCGCUAUGCCGAUCGGGUGUCCGCACUAAGUUCGGCAUCAAUAUGGUGACCUCCCGGGAGCGGGGGACCACCAGGUUGCCUAAGGAGGGGUGAACCGGCCCAGGUCGGAAACGGAGCAGGUCAAAACUCCCGUGCUGAUCAGUAGUGGGAUCGCGCCUGUGAAUAGCCACUGCACUCCAGCCUGUGCAACAUAGCGAGACCCCGUCUCU	((((((((((..[...)))))))....((((.....]..))))))).(((((.((.(..(((((...((.((((....(((((.(((((((.(((((......(((((((((.(((((.(.(((((((((((.(((((..((((((....))))))..))))).))))......(.(((((.....((((....(((....)))....))))...))))))))))))).)..)))))))...)))))))...)))))))))))).))))))))).)).....)))))..))).))))).
6CB1 [319],1.1.G.1519.:1.1.U.1837.	319	0.562	0.684	0.51	0.513	0.608	0.608	0.386	0.257	0.398	0.265	0.353	0.398	0.346	0.44	0.398	0.381	GGGUUAGUCGAUCCUAAGAGAUGGGGAAGCUCCGUUUCAAAGGCCUGAUUUUAUGCAGGCCACCAUCGAAAGGGAAUCCGGUUAAGAUUCCGGAACCUGGAUAUGGAUUCUUCACGGUAACGUAACUGAAUGUGGAGACGUCGGCGCGAGCCCUGGGAGGAGUUAUCUUUUCUUCUUAACAGCUUAUCACCCCGGAAUUGGUUUAUCCGGAGAUGGGGUCUUAUGGCUGGAAGAGGCCAGCACCUUUGCUGGCUCCGGUGCGCUUGUGACGGCCCGUGAAAAUCCACAGGAAGGAAUAGUUUUCAUGCCAGGUCGUACU	......[[(((.((...((....(((....)))........((((((........))))))....))....))...(((((........)))))]]((((.((((((((...((((....)))...(...((((((...((((.((((((((((((((((((.......))))))(...(((((....(((((.....(((.....))).....))))).....)))))....)(((((((......))))))))))).).))))))).))))(...)....))))))...))....))))..)))))))).)))....
6AHU [341],1.A.A.1.:1.A.U.341.	341	0.376	0.563	0.629	0.657	0.565	0.633	0.412	0.258	0.265	0.144	0.263	0.265	0.27	0.384	0.392	0.289	AUAGGGCGGAGGGAAGCUCAUCAGUGGGGCCACGAGCUGAGUGCGUCCUGUCACUCCACUCCCAUGUCCCUUGGGAAGGUCUGAGACUAGGGCCAGAGGCGGCCCUAACAGGGCUCUCCCUGAGCUUCGGGGAGGUGAGUUCCCAGAGAACGGGGCUCCGCGCGAGGUCAGACUGGGCAGGAGAUGCCGUGGACCCCGCCCUUCGGGGAGGGGCCCGGCGGAUGCCUCCUUUGCCGGAGCUUGGAACAGACUCACGGCCAGCGAAGUGAGUUCAAUGGCUGAGGUGAGGUACCCCGCAGGGGACCUCAUAACCCAAUUCAGACUACUCUCCUCCGCCCAUU	((.((((((((..((([[[[.[...(((((........((((((.....).)))).)........).))))..{...(..((((......((((......(((((.....)))))(((((((.....)))))))(((((((.............((((((.((.(((.......(((((......((((.((.((((.(((....))).))))))))))...))))))))..))))))))........))))))))))).................(].]]]](((((((.(((.....))))))))))..})....)))).)..)).).)))))))))).
3IYR [349],1.A.G.1.:1.A.A.349.	349	0.436	0.395	0.362	0.364	0.301	0.546	0.519	0.242	0.226	0.312	0.343	0.271	0.349	0.465	0.46	0.36	GGGGGUGAAACGGUCUCGACGGGGGUCGCCGAGGGCGUGGCUGCGCGCCGAGGUGCGGGUGGCCUCGUAAAAACCCGCAACGGCAUAACUGCCAACACCAACUACGCUCUCGCGGCUUAAUGACCGCGACCUCGCCCGGUAGCCCUGCCGGGGGCUCACCGGAAGCGGGGACACAAACCCGGCUAGCCCGGGGCCACGCCCUCUAACCCCGGGCGAAGCUUGAAGGGGGCUCGCUCCUGGCCGCCCGUCCGCGGGCCAAGCCAGGAGGACACGCGAAACGCGGACUACGCGCGUAGAGGCCCGCCGUAGGGACCUUCGGACGGGGGUUCGACUCCCCCCACCUCCACCA	((((..(.............(..(((........(((.(((...((((..((..[[[[.[...)).......].]]]]...............................((((((........))))))..((((.(((.(.....[[[[.....)..)))...))))...........]]]]...((((((.....[[[[......)))))).............]]]]...(((..(((.(...[[[[[[[..)...)))..)).)..........]]]]]]]...))))......)))))).......)))..)....(.(((.......))).))..))))....
8BU8 [354],1.A.G.1.:1.A.C.354.	354	0.864	0.894	0.894	0.898	0.902	0.902	0.772	0.907	0.929	0.859	0.907	0.929	0.859	0.907	0.929	0.859	GUUACUCACCUCUUCGGAGAAAACGGUCCGAGCGUGGUUCGCCACUAAAAUACCGUUUUGGCCUGAAUGUGUCUGGUCCUUCCGCAGCCGUUUGAUGAGUUCGCUCAUCAUAGCGGGCUUACCAAACAGUUCGCUGCCACCGUGCGGAAGCAGUUUCGACUGAUAGAUCACGGUGGGACUAUUCGUAGUCUUUGGUGAGCUCGUUACGUUUCUUCGGAAACGAACGGCUGAUCUAUGACCAGAUGUAUUCAGGCCGUGAGUAACGUCGCCGUACAUCUUCGGAUGUAGCGUCCCUAUUUUACAAACUUCGGUUUGGCUCGGAGGGACGCAGCAGGGUUCGCCCUGCUCGGCGAC	((((((((((((....)))(((((((([[[[[[((((....))))[[[[[[))))))))(((((((((...((((((((((((([[[[[[[[(((((((....)))))))[[.[[[[[[.[[[[[[(((....)))[[[[[[[[))))))((((....))))((((((]]]]]]]](((((....)))))]]]]]].]]]]]].]]((((((....))))))]]]]]]]])))))))))))))...))))))))))))))))))(((((((((((((....))))))(((((((.]]]]]](((((....)))))]]]]]].)))))))(((((((....))))))))))))))
7ZJ4 [374],1.E.G.1.:1.E.C.374.	374	0.923	0.922	0.884	0.918	0.904	0.904	0.812	0.929	0.965	0.903	0.929	0.965	0.903	0.929	0.965	0.923	GGAUACGUCUACGCUCAGUGACGGACUCUCUUCGGAGAGUCUGACAUCCGAACCAUACACGGAUGUGCCUCGCCGAACAGUCUACGGCGAGCUUAAGCGCUGGGGACGCCCAACGCAUCACAAAGACUGAGUGAUGAACCAGAAGUAUGGACUGGUUGCGUUGGUGGAGACGGUCGGGUCCAGUUCGCUGUCGAGUAGAGUGUGGGCUCCAUCGACGCCGCUUUAAGGUCCCCAAUCGUGGCGUGUCGGCCUGCUUCGGCAGGCACUGGCGCCGGGACCUUGAAGAGAUGAGAUUUCGAUCUCAUCUUUGGGUGUCUCUGGUGCUUGAGGGCCCUGUGUUCGCACAGGGCCGCUCACUGGGUGUGGACGUAUCC	((((((((((((((((((((((((((((((....)))))))))(((((((..[[[[[[.)))))))(((((((((..[[[[[[.)))))))((((((((((((((((((((((((((((((..]]]]]].))))))((((((..]]]]]].))))))((((((((((((.....(....((((....)))..)..........)..))))))))))))))((((((((((((.......(((((...(((((((....)))))).)..)))))))))))))))))(((((((((....)))))))))))))))))))))))))))))))(((((((((....))))))))))))))))))))))))))))))))
8C9A [511],1.A.G.15.:1.A.U.525.	511	0.584	0.727	0.596	0.606	0.684	0.684	0.52	0.643	0.643	0.643	0.652	0.652	0.652	0.676	0.676	0.676	GCGUACACGGUGGAUGCCCUGGCAGUCAGAGGCGAUGAAGGACGUGCUAAUCUGCGAUAAGCGUCGGUAAGGUGAUAUGAACCGUUAUAACCGGCGAUUUCCGAAUGGGGAAACCCAGUGUGUUUCGACACACUAUCAUUAACUGAAUCCAUAGGUUAAUGAGGCGAACCGGGGGAACUGAAACAUCUAAGUACCCCGAGGAAAAGAAAUCAACCGAGAUUCCCCCAGUAGCGGCGAGCGAACGGGGAGCAGCCCAGAGCCUGAAUCAGUGUGUGUGUUAGUGGAAGCGUCUGGAAAGGCGCGCGAUACAGGGUGACAGCCCCGUACACAAAAAUGCACAUGCUGUGAGCUCGAUGAGUAGGGCGGGACACGUGGUAUCCUGUCUGAAUAUGGGGGGACCAUCCUCCAAGGCUAAAUACUCCUGACUGACCGAUAGUGAACCAGUACCGUGAGGGAAAGGCGAAAAGAACCCCGGCGAGGGGAGUGAAAAAGAACCUGAAACCGUGUACGU	.(((((((((.....(((..(((((((((((((......(((((..[..[[[..)).....(((((((..(((]]]..].)))......)))))))...)))....(((....)))((((((......)))))).(((((((((.........))))))))).))...((((((.....(......)......))))).)..........(....)....(((.......((.....))......)))...((((.((((......(.(..((((((((.(((...(((((......)))))((......[[[.....))]]]...)))...))))))))..).)...))))...)....((((..(............).))))......(((((.....))).))..)))......)).))))))).))...............((....))....))......(..((((.....))))............)).....))))))))).
7PTQ [544],1.C.G.1.:1.C.G.544.	544	0.935	0.929	0.929	0.929	0.919	0.919	0.795	0.939	0.939	0.939	0.947	0.947	0.947	0.947	0.947	0.947	GGAAUUAGAGUGUGUUCCUGAACUGCUUCGGCGGUUCGCUACGUUCUUCGGAAUGUAUAUAGUGUUCGCAUUAUACCGUAGUCCAAGCCGUGUGGUUCGCCGCACGUCGUUCGUUCGCGGACGAGCAGGUGCCAUAACCUCCAAAUGGUACCUGCGCGUGUUGUCAGCAAGGUCUAAGCUGAUAACACUAUGCUAACGACUGAAGCAUAUUGGAUUACGGGCCAAGGGCAGCUAAGAUCGGAAGCUGUCCUUGAGGAACGCACUCUGAUUCCCCUCCGGAAGGAGCCCCACAGGUAAUAAACCGAUCAUAUUACUUGUGCACUCGCAACAGUCGAGCGGGUGGUAAUGAUUGCGCCCGUUGGCUAGAAUAGACCACUAGCUAACGGCGGGUCUUGGAUCAAUGGAGGAGAUCCAGGACCCGACCCGGACUUCGGUUCGGGUGCGGCCUUAGUUCGCUGAGGCCCGUCGCAUUCGUGUGACGGUGGUUAUUGCGGUCAAGGUUUCGACUUUGAGUAUUCCUUCGGGGAUACGCUUCUUCUGGAGG	((((((((((((((((((((((((((....)))))))(((((((((....)))))))(((((((....)))))))((((((((((((((((((((....)))))))(((((((....)))))))(((((((((((..[[[[[[.)))))))))))))(((((((((((..[[[[[[.)))))))))))((((((..[[[[[[.)))))))))))))))))))(((((((((((..[[[[[[.))))))))))))))))))))))))))))))(((((((((((((((((((((((((((..]]]]]].)))))))))))(((((((..]]]]]].)))))))((((((((((((((((((((((((..]]]]]].)))))))))))(((((((((((((..]]]]]].)))))))))))))((((((((....))))))))))((((((((....))))))))(((((((....))))))))))))))))))))(((((((....)))))))(((((((....)))))))))))))))))))))
5AJ3 [960],1.A.A.3.:1.A.C.962.	960	0.508	0.434	0.423	0.423	0.317	0.434	0.267	0.481	0.481	0.481	0.481	0.481	0.481	0.519	0.519	0.519	ACAGGUUUGGUCCUGGCCUUUCUAUUAAUUCUUAAUAAAAUUACACAUGCAAGUAUCCGCGCCCCGGUGAGAAUGCCCUCCAGAUCUUAAAGAUCAAAAGGAGCAGGUAUCAAGCACACCUAUAACGGUAGCUCAUAACGCCUUGCUCAACCACACCCCCACGGGAAACAGCAGUGAUAAAAAUUAAGCCAUGAACGAAAGUUUGACUAAGUUAUAUUAAUUAGAGUUGGUAAAUCUCGUGCCAGCCACCGCGGUCAUACGAUUAACCCAAAUUAAUAGAUCCACGGCGUAAAGAGUGUUUAAGAAAAAAAAUCACAAUAGAGUUAAAUUAUAACUAAGCUGUAAAAAGCCCUAGUUAAAAUAAAAUAACCCACGAAAGUGACUCUAAUAAUCCUGACACACGAUAGCUAGGACCCAAACUGGGAUUAGAUACCCCACUAUGCCUAGCCCUAAACCCAAAUAGUUACAUAACAAAACUAUUCGCCAGAGUACUACUCGCAACUGCCUAAAACUCAAAGGACUUGGCGGUGCUUCACAUCCACCUAGAGGAGCCUGUUCUAUAAUCGAUAAACCCCGAUAGACCUUACCAACCCUUGCCAAUUCAGCCUAUAUACCGCCAUCUUCAGCAAACCCUAAAAAGGAACAAUAGUAAGCACAAUCAUAGCACAUAAAAACGUUAGGUCAAGGUGUAGCUUAUGGGUUGGAAAGAAAUGGGCUACAUUUUCUACAUAAGAAUAUCCACCACACGAAAGUUUUUAUGAAACUAAAAACCAAAGGAGGAUUUAGCAGUAAAUCAAGAAUAGAGUGCUUGAUUGAAUAAGGCCAUGAAGCACGCACACACCGCCCGUCACCCUCCUCAAGCAUGUAGUAAUAAAAAUAACCUAUAUUCAAUUACACAACCAUGCAAGAAGAGACAAGUCGUAACAAGGUAAGCAUACUGGAAAGUGUGCUUGGAUUACC	[.[[[[..(((((..]]]]](((((((((..((((((((..(.(((.(((..((....))......(((.....(((((...(((((...)))))...))).)).(((....((..((((......))).)))......)))..(.....)))).(((....))).....)))))))......(..((...(((((....)))).))).).)).))))))...(.((([[[.....(((.....((.]]])).......)))..))).)..))))))))).....((([[...(.((((...((......(.......(((((((......((((((.((........))..))))))......).....(.((....)))))))))....).))...))))....((((((...((...((((.........))))...))))))))......{...(((((((.....]]..))))))))))).(((........((....))......)))...)))))(((((.(((((((...((..(((((..((((((((((.....((........))..........(((((((..(......).((.(((...((((((.(....((..(((((....))).......))..))......((.....))......).).)))...)).)))))....)))))))..)).)))))))).(...((((.....))))..(.....)..(....(((((((......)))))))....)..)..))))).....(((((((.........)))))))......))...)))))))))).))..(.(..((.(...(((.((..((((((.(((((...((((.....))))..)))))...).)))))..)).)))....).))...)..)..(((((((((....)))))))))}.......
6TMF [1485],1.A.A.1.:1.A.C.1485.	1485	0.69	0.73	0.598	0.598	0.599	0.634	0.595	0.576	0.576	0.576	0.585	0.585	0.585	0.585	0.585	0.585	AUUCCGGUUGAUCCUGCCGGAGGCCACUGCUAUGGGGGUCCGACUAAGCCAUGCGAGUCAUGGGGCGCCUUGCGCGCACCGGCGGACGGCUCAGUAACACGUCGGUAACCUACCCUCGGGAGGGGGAUAACCCCGGGAAACUGGGGCUAAUCCCCCAUAGGCCUGAGGUACUGGAAGGUCCUCAGGCCGAAAGGGGCUCUGCCCGCCCGAGGAUGGGCCGGCGGCCGAUUAGGUAGUUGGUGGGGUAACGGCCCACCAAGCCGAAGAUCGGUACGGGCCAUGAGAGUGGGAGCCCGGAGAUGGACACUGAGACACGGGUCCAGGCCCUACGGGGCGCAGCAGGCGCGAAACCUCCGCAAUGCGGGCAACCGCGACGGGGGGACCCCCAGUGCCGUGGCAACGCCACGGCUUUUCCGGAGUGUAAAAAGCUCCGGGAAUAAGGGCUGGGCAAGGCCGGUGGCAGCCGCCGCGGUAAUACCGGCGGCCCGAGUGGUGGCCGCUAUUAUUGGGCCUAAAGCGUCCGUAGCCGGGCCCGUAAGUCCCUGGCGAAAUCCCACGGCUCAACCGUGGGGCUUGCUGGGGAUACUGCGGGCCUUGGGACCGGGAGAGGCCGGGGGUACCCCUGGGGUAGGGGUGAAAUCCUAUAAUCCCAGGGGGACCGCCAGUGGCGAAGGCGCCCGGCUGGAACGGGUCCGACGGUGAGGGACGAAGGCCAGGGGAGCGAACCGGAUUAGAUACCCGGGUAGUCCUGGCUGUAAAGGAUGCGGGCUAGGUGUCGGGCGAGCUUCGAGCUCGCCCGGUGCCGAAGGGAAGCCGUUAAGCCCGCCGCCUGGGGAGUACGGCCGCAAGGCUGAAACUUAAAGGAAUUGGCGGGGGAGCACUACAAGGGGUGGAGCGUGCGGUUUAAUUGGAUUCAACGCCGGGAACCUCACCGGGGGCGACGGCAGGAUGAAGGCCAGGCUGAAGGUCUUGCCGGACACGCCGAGAGGAGGUGCAUGGCCGCCGUCAGCUCGUACCGUGAGGCGUCCACUUAAGUGUGGUAACGAGCGAGACCCGCGCCCCCAGUUGCCAGUCCUUCCCGCUGGGGAGGAGGCACUCUGGGGGGACCGCCGGCGAUAAGCCGGAGGAAGGAGCGGGCGACGGUAGGUCAGUAUGCCCCGAAACCCCCGGGCUACACGCGCGCUACAAUGGGCGGGACAAUGGGAUCCGACCCCGAAAGGGGAAGGGAAUCCCCUAAACCCGCCCCCAGUUCGGAUCGCGGGCUGCAACUCGCCCGCGUGAAGCUGGAAUCCCUAGUACCCGCGUGUCAUCAUCGCGCGGCGAAUACGUCCCUGCUCCUUGCACACACCGCCCGUCACUCCACCCGAGCGGGGUCCGGAUGAGGCCUGAUCUCCCUUCGGGGAGGUCGGGUCGAGUCUGGGCUCCGUGAGGGGGGAGAAGUCGUAACAAGGUAGCCGUAGGGGAACCUACGGCUCGAUCACCUCC	...[[[[..(.(((..]]]].(((((((((..((((((.(((.....(((.(((..(((..((.((((.....)))).)))))......(((.......(((((((..((...(((((((.(((((....((((((....)))))).....)))))...(((((((((.((......))))))))))).....((((...)))).)))))))..))))))))).(((....(((..((((((((.......)))))))))))......)))..((((((((....))))...))))))).(((((............))))).((((....))))...)))))).).....(.(((...(((((....)))).))))).)).))))))..((((((((...))))))))....(((((((.......)))))))......((((([[....(.((((.....((..]])).......))))))))))..)))))))))..........((([[...(.((((...(((.(((((((.(((((((((......(((((((.....))))))).....)))))))..)))))))))..(((((((.....(((((((((..((((((((...((........))......))))))))..)).......((....)).)))))))....))).)))..))))...))))...(((((((...((...((((.........))))...))))))))).....{...((((((..((((((((((((((.....))))))))))))))...((..]])).....)))))))))).(((......((((....))))....)))...))).)(((((.(((((((..((..(((((..((((((((((......((........))........(.(((((((...((((.........(.(.(((.....)))..).)......))))...((.(((...(.((((((....((((((.((....))...((((......))))..))))))....(((((.(((((((..(.(..(((((((.....))))))).))...)))))))..(..(((((.....))))).....)..)))))....))).)))....).)))))....))))))))..)).)))))))).(...(((((((.....(((..((..((((....))))..))....))).....)))))))......(....(((((((........)))))))....)..)..)))))......(((((((.......))))))).......))...)))))))))).))..(.(..((.(.((((.(((..((((.((((((((..(((((((((((((....)))))))))))))..)))))))).))))..))).))))..).))...)..)..(((((((((....)))))))))}..........
5MYJ [2897],1.BA.C.3.:1.BA.C.2899.	2897	0.579	0.559	0.391	0.39	0.396	0.396	0	0.302	0.302	0.302	0.314	0.314	0.314	0.326	0.326	0.326	CAAAGUUAAUAAGGGCGCACGGUGGAUGCCUUGGCACUAAGAGCCGAUGAAGGACGUGACUAACGACGAUAUUCUAGGGGGAGCAGUAAGUACGCAUUGAUCCCUAGGUCUCCGAAUGGGGAAACCCAGCUGUUACUAGCAGUUAUUCAUGAGUGAAUACAUAGCUCAUGUAAAGGUAACGCAGAGAACUGAAACAUCUAAGUACCUGCAGGAAGAGAAAGUAAAAACGAUUUCGUAAGUAGCGGCGAGCGAACGCGAAGAAGGGCAAACCAAGAAGCUUGCUUCUUGGGGUUGUAGGACUGCAACGUGGACUUAAGCAUUAUAGUCGAAUAACCUGGGAAGGUUAAUCAAAGAGGGUAAUAAUCCCGUAGACAAAAUAGCGCUUAUACCUAGCAGUAUCCUGAGUAGGGCUGGACACGCGAAAUCCAGUUUGAAUCCGGGAGGACCAUCUCCCAACCCUAAAUACUCCUUAGUGACCGAUAGUGAACCAGUACCGUGAGGGAAAGGUGAAAAGAACCCCGAGAGGGGAGUGAAAUAGCACCUGAAACCGUGUGCCUACAAGAAGUUCGAGCCCGUUAAUGGGUGAGAGCGUGCCUUUUGUAGAAUGAACCGGCGAGUUACGUUAUGAUGCGAGGUUAAGUUGAAGAGACGGAGCCGUAGGGAAACCGAGUCUGAAUAGGGCGACUUAGUAUCAUGAUGUAGACCCGAAACCUAGUGACCUAUCCAUGAGCAGGGUGAAGGUGUGGUAAGACGCACUGGAGGCCCGAACCAGGACACGUUGAAAAGUGUUUGGAUGACUUGUGGAUAGCGGAGAAAUUCCAAACGAACUGGGAGAUAGCUGGUUCUCUCCGAAAUAGCUUUAGGGCUAGCGUCGAAAUGUAAGUGUAUUGGAGGUAGAGCACUGUUUGGGUGAGGGGUCCGUCUAGGAUUACCAAUCUCAGAUAAACUCCGAAUGCUAAUACACAUGUUCGGCAGUCAGACUGCGAGUGCUAAGAUCCGUAGUCGAAAGGGAAACAGCCCAGACCAACAGCUAAGGUCCCAAAAUAUAUGUUAAGUGGAAAAGGAUGUGGGGUUGCACAGACAACUAGGAUGUUAGCUCAGAAGCAGCUAUCAUUCAAAGAGUGCGUAAUAGCUCACUAGUCGAGUGACCCUGCGCCGAAAAUGUACCGGGGCUAAACAUAUUACCGAAGCUUUGGAUUGAUAUUUUAUCAAUGGUAGGAGAGCGUUCUUAACCGCAAUGAAGGUAUACCGUGAGGAGUGCUGGAGCGUUAAGAAGUGAGAAUGCCGGUAUGAGUAGCGCAAGAUAAGUGAGAAUCUUAUCCACCGUAAGACUAAGGUUUCCAGGGGAAGGCUCGUCCGCCCUGGGUUAGUCGGGACCUAAGGCGAGGCCGAAAGGCGUAGUCGAUGGACAACUGGUUGAUAUUCCAGUACUAGAUAUGAUCGUGAUGGAGGGACGCAGUAGGCUAAGAGAUGCCAGUUAAUGGAUCCUGGUCUAAGCAGUGAGGUGUGAGAUGUGUCAAAUGCAUUUCUCUCUAACAUUGAGCUGUGAUGGGGAAGCAACUACGGUUGCGAACUCUCUGAUGUCACACUGCCAAGAAAAGCUUCUAGCGUAAAGUCAUAUCUACCCGUACCGCAAACCGACACAGGUAGUCGAGGCGAGUAGCCUCAGGUGAUCGAGAGAACUCUCGUUAAGGAACUCGGCAAAAUAGCCCCGUAACUUCGGGAGAAGGGGUGCUGGUGUAAAAGCCAGCCGCAGUGAAUAGGCCCAAGCAACUGUUUAUCAAAAACACAGCUCUCUGCUAAACCGCAAGGUGAUGUAUAGGGGGUGACGCCUGCCCGGUGCUGGAAGGUUAAGAGGAGUGCUUAGACGUAAGUCGAAGGUAUGAAUUGAAGCCCCAGUAAACGGCGGCCGUAACUAUAACGGUCCUAAGGUAGCGAAAUUCCUUGUCGGGUAAGUUCCGACCCGCACGAAAGGCGUAAUGAUUUGGGCACUGUCUCAACGAGAGACUCGGUGAAAUUUUAGUACCUGUGAAGAUGCAGGUUACCCGCGACAGGACGGAAAGACCCCAUGGAGCUUUACUGUAGUUUGAUAUUGAGUACCUGUAAGUCAUGUACAGGAUAGGUAGGAGCCAUUGAAAUAGGGACGCUAGUUUCUAUUGAGGCGUUGUUGGGAUACUACCCUUGACUUAUGGUUACUCUAACCCGCUGGCAUAAUCGGCCAGGGAGACAGUGUCUGACGGACAGUUUGACUGGGGCGGUCGCCUCCUAAAGAGUAACGGAGGCGCUCAAAGGUUGGCUCAGAUUGGUUGGAAAUCAAUCGUAGAGUGUAAAGGUAAAAGCCAGCUUGACUGCGAGAGCUACAACUCGAGCAGGUAGGAAACUAGGACUUAGUGAUCCGGUGGUACCGCAUGGAAGGGCCAUCGCUCAACGGAUAAAAGCUACCCUGGGGAUAACAGGCUUAUCUCCCCCAAGAGUUCACAUCGACGGGGAGGUUUGGCACCUCGAUGUCGGCUCGUCGCAUCCUGGGGCUGUAGUCGGUCCCAAGGGUUGGGCUGUUCGCCCAUUAAAGCGGCACGCGAGCUGGGUUCAGAACGUCGUGAGACAGUUCGGUCCCUAUCCGUCGCGGGCGUAGGUAAUUUGAGAGGAUCUGUCCUUAGUACGAGAGGACCGGGAUGGACUUACCGCUGGUGUACCAGUUGUUCCGCCAGGAGCACGGCUGGAUAGCUAUGUAGGGAAGGGAUAAGCGCUGAAAGCAUCUAAGUGCGAAGCCCACCUCAAGAUGAGAUUACCCAUUCGUAAGAAUUAAGAGCCCAGAGAGAUGAUCUGGUAGAUAGGCUGGAAGUGGAAGAGUUGCGAGACUUGGAGCGGACCAGUACUAAUCGCUCGAGGACUUUACC	.(((((......((((((((((.....(((..(((((((((((((......((((((.....[[.)))....(((((((...((.]]......))......)))))))..)))....(((....)))(.((((.....)))).).(((((((((.........))))))).)).))...(((((......(...[..).......)))).).........((....))...(((((.....((.]...))....)))))...((((...((((((........))))))....[.((((((.....(.......((((.((...(((...(((((......)))))(((...).[[[.....))]]]...))).....)).))))...).....))..)))))....((((((((..{......))))))))....].(((((}.[[[[)))))..)))......)).))))))).))...............((....))....))......(..((((....))))............)).....)))))))))).....(.(.((...(((..[...)))...)).)...(.(........).).((((((....(((((((((((.(..(((...(((.....)))...)))...((....))..(.((.....)).)......).)))))))))))..((.(...((.(((.....((((((((((.(((....((((.(......).)))).....)))...(((.(((((........))))))))..).))))))))).(.(((.....)))...)..))).))......).))..((((((....(((((....)))))((((((((......(((((((.(.....(((...((((((.(...((...(.......)....))...).))))))..)).).....).)))))))...)))))).))..((((.((..(......)..)).))))....(((......)))...((((.(((...((((((...[.[[[[[[.....[.....((..(..(((.(.(.....{.((((.(.....(((.........)))..........(...((......)).).)))))...).).)))..).))...........))).]...]]]]]]])))...)))))))((((((.....))))))....))))))(.((((....(((.......(((..((....))].)))....)))...))))..).....))))))(......((....((((((.......))))))((((....(((...((..(((((((...((.....)).))))))....(([[[[.((.(.(((...(((....)))...)))..)))...(((((........)))))))((((............(.((....(((((.(((..(((((...........{.........(...((((..((..(....(...((.....))..).........).))...))))....)(...(((((....)))))...))))))...)))..)))))(..).....)).)...............))))]]]].))).....((......))..))).((((.....))))..))))..((((....((((((((.((..(....(.......(((((....(.[..).....)))))((((((......))))))(...).......(((((((((...((.........))...((.((((.....(((....))).......)))).)).]((((.(((..((.((((..(((....(...((.((..((......))..))..))...)....)))))))...)))))(.(((.........))).)........((.(......).(((((.......)))))..)..)....))))...)).))))))).)..))).)))))))).)))))).....)).(..[[[[[......).]]]].].((((((((.(((.((......((((.((((((..(((((.(.(.((.((.(((((.(...(.(.((.(.........(((((..(((......((((..((....).).))))...)))............)))))).)).).)..)..)))))....((.(((((.......))))))).....)).)).).)..)))))..(((......[)))((((((..........]))))))(([[...[[[[[[[.(.(((((.........)))))...).[[)(.(((]]....]]]]]].]..((((..(((...{..)))..)))).(((....))).]]))).).....((.(((..((..]]]]..)).))).)).....)}......))))..))))))......(((((.(.((((((...((.......))...))))))...)))).).)......((((.((.(((..(((((((((......))))))..))).(((((.....))))).....))).)..)...))).).....(((((((....))).))))....))..)))))))))))(...[[[[[[....((((..((.(((......(....).....))).)).(((((...((((...(((((((((((.}..))))))..)))))...)))).)))))...(((....((((.....}.......))))....))).))))..).....]]]]]](.(((....)))....(((((((((.......)))))....((((((((..(.....(((((....)))))....)...))))).)))...))))...))))))...
